"","company_id","num_jobs","hq_state","social_followers","company_size","industry"
"1",1009,256,"NY",16114399,316130,"Information Technology & Services"
"2",1028,108,"TX",9289583,202019,"Information Technology & Services"
"3",1103,14690,"NJ",1384924,95609,"Information Technology & Services"
"4",1254,36,"CA",933371,9051,"Entertainment"
"5",1392,20,"WA",551468,85434,"Telecommunications"
"6",1403,14000,"VA",622120,38277,"Information Technology & Services"
"7",1412,20,"VA",1154248,86310,"Defense & Space"
"8",1431,3,"NY",7622705,119403,"Food & Beverages"
"9",1463,2175,"NJ",1461446,83579,"Human Resources"
"10",1464,1240,"IL",108154,8085,"Computer Software"
"11",1474,60,"MI",127553,13285,"Financial Services"
"12",1494,6,"NJ",378038,13655,"Information Technology & Services"
"13",1511,1500,"IL",2523735,39265,"Food Production"
"14",1523,816,"GA",1782811,148293,"Transportation/Trucking/Railroad"
"15",1586,1674,"WA",31887506,829111,"Computer Software"
"16",1614,27,"VA",379184,35410,"Information Technology & Services"
"17",1627,4,"CA",155526,28191,"Hospital & Health Care"
"18",1630,56,"CA",117723,12911,"Hospital & Health Care"
"19",1645,3,"ma",330059,11313,"Higher Education"
"20",1646,6,"MA",2338233,33834,"Higher Education"
"21",1681,27664,"CA",2609941,32147,"Staffing & Recruiting"
"22",1714,16,"NY",1010047,28433,"Computer Software"
"23",1799,4,"WI",2528355,63914,"Staffing & Recruiting"
"24",1869,2,"TX",18815,293,"Information Technology & Services"
"25",1908,12,"VA",141096,8690,"Defense & Space"
"26",2107,45,"TX",380348,17383,"Automotive"
"27",2121,4,"NJ",143091,14567,"Leisure, Travel & Tourism"
"28",2152,6,"MD",800457,25435,"Information Technology & Services"
"29",2157,24,"CA",314931,9376,"Computer Software"
"30",2162,336,"OH",585447,32723,"Hospital & Health Care"
"31",2206,3,"NY",304172,10079,"Information Technology & Services"
"32",2230,36,"NC",112113,8129,"Consumer Goods"
"33",2300,84,"NY",605124,73818,"Retail"
"34",2307,8,"MI",1414944,9644,"Staffing & Recruiting"
"35",2319,20,"TX",1246007,70681,"Real Estate"
"36",2432,168,"IL",489750,13732,"Accounting"
"37",2445,268,"WI",333929,34885,"Financial Services"
"38",2467,40,"CT",194289,19604,"Financial Services"
"39",2477,5,"CA",1084097,27219,"Higher Education"
"40",2534,108,"CA",687395,16829,"Information Services"
"41",2539,324,"NY",242430,12510,"Broadcast Media"
"42",2612,8,"CA",80130,3468,"Aviation & Aerospace"
"43",2646,728,"AR",4497155,415054,"Retail"
"44",2649,90,"il",286192,15768,"Higher Education"
"45",2666,3,"CA",49503,2798,"Law Enforcement"
"46",2677,4,"IL",2077759,538566,"Restaurants"
"47",2701,420,"MA",426740,41035,"Insurance"
"48",2730,32,"IL",181080,30706,"Marketing & Advertising"
"49",2750,2,"WA",60911,2917,"Leisure, Travel & Tourism"
"50",2787,18,"IL",37682,1653,"Banking"
"51",2859,18,"IL",139490,10883,"Accounting"
"52",2982,30,"OH",31886,2112,"Plastics"
"53",2985,30,"MA",46235,3921,"Mechanical Or Industrial Engineering"
"54",3084,90,"CA",693161,22279,"Higher Education"
"55",3117,2,"MA",306676,4706,"Translation & Localization"
"56",3240,5046,"CA",214678,53065,"Insurance"
"57",3264,288,"OH",189822,36599,"Insurance"
"58",3304,20,"VA",963733,22857,"Construction"
"59",3364,54,"WI",603203,34702,"Information Technology & Services"
"60",3384,27,"CA",57319,27324,"Hospital & Health Care"
"61",3407,12,"CA",190928,57178,"Restaurants"
"62",3432,30,"NY",278160,36660,"Financial Services"
"63",3450,16,"MA",333998,22943,"Semiconductors"
"64",3528,8,"md",312341,15398,"Higher Education"
"65",3626,4536,"TN",640298,128743,"Hospital & Health Care"
"66",3658,160,"PA",40937,6389,"Hospital & Health Care"
"67",3678,3,"NY",174891,18780,"Glass, Ceramics & Concrete"
"68",3681,70,"TX",873618,33260,"Construction"
"69",3789,100,"IL",1297469,55806,"Machinery"
"70",3863,3,"IL",184963,19320,"Business Supplies & Equipment"
"71",3866,8,"TX",53525,9695,"Printing"
"72",3997,2,"GA",147859,18837,"Insurance"
"73",4060,420,"IL",1128330,40637,"Real Estate"
"74",4156,24,"PA",365575,14949,"Chemicals"
"75",4167,180,"PA",288150,66609,"Financial Services"
"76",4296,108,"CO",209604,22952,"Telecommunications"
"77",4307,168,"PA",92129,10309,"Financial Services"
"78",4326,1,"FL",191773,18574,"Leisure, Travel & Tourism"
"79",4346,3,"MO",152628,2509,"Public Relations & Communications"
"80",4433,48,"MA",586853,3297,"Staffing & Recruiting"
"81",4453,312,"FL",141758,21432,"Transportation/Trucking/Railroad"
"82",4647,4,"WI",76567,17565,"Insurance"
"83",4721,18,"IL",313431,13281,"International Trade & Development"
"84",4729,16,"IL",52305,7462,"Telecommunications"
"85",4787,3016,"VA",1304565,13092,"Information Technology & Services"
"86",4826,24,"PA",49107,4006,"Financial Services"
"87",4828,30,"WA",208281,6087,"Photography"
"88",4881,3,"NY",4522306,39294,"Non-profit Organization Management"
"89",4898,36,"VA",597433,17468,"Information Technology & Services"
"90",4972,6,"PA",1099387,61120,"Information Technology & Services"
"91",4994,3,"CA",104073,8513,"Research"
"92",5001,3,"CH",1071144,9276,"Luxury Goods & Jewelry"
"93",5007,12,"IL",70501,8931,"Insurance"
"94",5234,3,"TX",250623,7779,"Information Technology & Services"
"95",5235,4508,"FL",2148254,12457,"Human Resources"
"96",5264,12,"IL",38925,3255,"Logistics & Supply Chain"
"97",5294,60,"CA",103298,11144,"Financial Services"
"98",5327,180,"NM",118196,11425,"Research"
"99",5343,84,"TX",300609,26619,"Food & Beverages"
"100",5351,4,"NH",59188,3767,"Information Technology & Services"
"101",5410,24,"OH",297855,20840,"Retail"
"102",5461,105,"VA",142065,10200,"Information Technology & Services"
"103",5505,540,"DC",40161,2671,"Law Practice"
"104",5553,55,"IL",562862,25584,"Food Production"
"105",5670,2,"WI",206735,13738,"Consumer Goods"
"106",5749,221,"WI",237540,46626,"Retail"
"107",5756,884,"PA",59980,8744,"Transportation/Trucking/Railroad"
"108",5837,4,"IL",248970,2076,"Industrial Automation"
"109",5887,462,"MA",824393,1104,"Staffing & Recruiting"
"110",5911,12,"IL",270008,5842,"Pharmaceuticals"
"111",5968,2,"PA",41372,2963,"Building Materials"
"112",6016,2,"OH",43913,3710,"Consumer Goods"
"113",6044,132,"PA",350572,1954,"Staffing & Recruiting"
"114",6078,585,"OH",28578,4187,"Management Consulting"
"115",6176,7208,"TX",244414,38972,"Retail"
"116",6192,2,"NJ",67753,4906,"Automotive"
"117",6194,4,"IL",48545,8208,"Consumer Goods"
"118",6234,144,"MN",32298,4183,"Food Production"
"119",6250,1218,"TX",150056,23503,"Hospital & Health Care"
"120",6440,270,"IN",416127,17550,"Medical Device"
"121",6487,8,"CO",252335,33814,"Hospital & Health Care"
"122",6565,6,"MO",27920,3630,"Financial Services"
"123",6593,21,"CA",603962,18950,"Entertainment"
"124",6734,30,"NY",292125,12952,"Apparel & Fashion"
"125",7027,12,"DC",158028,5934,"Real Estate"
"126",7175,72,"PA",73493,1464,"Information Technology & Services"
"127",7260,132,"CA",196480,1200,"Staffing & Recruiting"
"128",7357,12,"MI",75687,8736,"Insurance"
"129",7361,31,"MI",367159,72511,"Restaurants"
"130",7427,3,"FL",72703,8847,"Insurance"
"131",7463,16,"OH",60868,6323,"Utilities"
"132",7466,2,"TX",183112,8177,"Financial Services"
"133",7488,108,"IL",91688,10305,"Hospital & Health Care"
"134",7639,6,"TN",137763,8111,"Non-profit Organization Management"
"135",7684,28,"CT",240908,20402,"Computer Software"
"136",7795,364,"CA",167069,15497,"Retail"
"137",7801,8,"CA",80089,1010,"Staffing & Recruiting"
"138",7851,56,"OH",96835,8438,"Medical Device"
"139",7886,60,"CT",168768,5841,"Environmental Services"
"140",7990,18,"FL",81046,10315,"Automotive"
"141",8019,40,"WA",58498,3976,"Management Consulting"
"142",8117,68,"PA",554390,2309,"Staffing & Recruiting"
"143",8274,24,"MA",420958,7320,"Retail"
"144",8288,360,"VA",87083,5522,"Defense & Space"
"145",8323,1,"MI",152909,3598,"Computer Software"
"146",8359,208,"CA",77788,13366,"Retail"
"147",8454,3,"IL",26853,6837,"Insurance"
"148",8484,4,"IL",178400,12606,"Food & Beverages"
"149",9070,48,"PA",108785,10100,"Chemicals"
"150",9089,16,"MO",431343,7918,"Information Technology & Services"
"151",9158,4,"CA",206926,6120,"Oil & Energy"
"152",9286,6,"MD",54002,6215,"Insurance"
"153",9402,30,"IL",250371,13407,"Medical Device"
"154",9487,12,"GA",153602,6362,"Consumer Goods"
"155",9640,3,"MD",24678,4269,"Hospital & Health Care"
"156",9676,6,"KS",152813,3042,"Consumer Goods"
"157",9703,364,"MO",211960,29347,"Hospital & Health Care"
"158",9750,4,"CO",45316,1069,"Non-profit Organization Management"
"159",9812,12,"VA",36922,2599,"Information Technology & Services"
"160",9814,1240,"CA",49628,950,"Staffing & Recruiting"
"161",9957,18,"AL",31794,3163,"Insurance"
"162",10001,98,"IL",143104,13289,"Insurance"
"163",10007,8,"NY",13334,529,"Electrical & Electronic Manufacturing"
"164",10580,2,"QC",116171,7766,"Consumer Goods"
"165",10874,4,"CT",14768,512,"Staffing & Recruiting"
"166",10883,792,"PA",42913,5621,"Retail"
"167",11056,21384,"GA",1712612,13096,"Staffing & Recruiting"
"168",11067,102,"TX",272763,1003,"Information Technology & Services"
"169",11092,64,"TN",42182,5318,"Consumer Services"
"170",11152,20,"IN",141951,11237,"Plastics"
"171",11204,360,"NJ",502851,5465,"Construction"
"172",11224,8,"TX",14556,3482,"Government Administration"
"173",11229,400,"TN",633751,4764,"Staffing & Recruiting"
"174",11522,36,"CO",48887,8381,"Hospital & Health Care"
"175",11648,80,"NH",42031,5810,"Wholesale"
"176",11660,9,"PA",119045,747,"Management Consulting"
"177",11758,112,"PA",142685,10053,"Wholesale"
"178",11832,12,"ID",132217,6501,"Higher Education"
"179",12095,66,"MA",51980,1742,"Food & Beverages"
"180",12192,120,"OH",72060,5613,"Automotive"
"181",12273,56,"PA",49377,3599,"Construction"
"182",12336,6,"IL",29543,1683,"Consumer Goods"
"183",12368,8,"PA",17362,768,"Hospitality"
"184",12555,2,"NY",32462,616,"Government Administration"
"185",12601,18,"CA",112880,4227,"Construction"
"186",12709,320,"AR",87344,10500,"Telecommunications"
"187",12770,120,"CA",952694,30894,"Information Technology & Services"
"188",12820,4,"AL",38119,3927,"Machinery"
"189",12863,2,"NV",92461,4214,"Defense & Space"
"190",12890,126,"NE",74350,6957,"Retail"
"191",12932,8,"CT",48102,2626,"Aviation & Aerospace"
"192",12965,12,"CT",22293,2697,"Retail"
"193",13181,234,"MD",22093,2919,"Hospital & Health Care"
"194",13188,3,"MA",93937,2469,"Non-profit Organization Management"
"195",13266,1,"IL",39485,3448,"Construction"
"196",13288,168,"TX",24073,1097,"Computer Software"
"197",13333,72,"CA",62903,314,"Staffing & Recruiting"
"198",13385,2,"CA",80442,2639,"Publishing"
"199",13386,190,"CA",223012,9458,"Retail"
"200",13421,4,"NY",155392,5569,"Food & Beverages"
"201",13550,9,"NY",53586,4587,"Accounting"
"202",13651,16,"NY",28507,915,"Financial Services"
"203",13755,2,"WA",19288,323,"Computer Games"
"204",13769,4,"AR",51203,3748,"Transportation/Trucking/Railroad"
"205",13798,6,"IL",51090,2404,"Management Consulting"
"206",13920,2,"PA",24133,1929,"Pharmaceuticals"
"207",14078,24,"AZ",20172,1895,"Non-profit Organization Management"
"208",14113,24,"GA",47150,811,"Staffing & Recruiting"
"209",14140,120,"MD",815460,11080,"Apparel & Fashion"
"210",14336,4,"IL",38434,2623,"Staffing & Recruiting"
"211",14352,33,"NY",418652,751,"Staffing & Recruiting"
"212",14650,2,"NJ",98234,1242,"Computer Software"
"213",14680,4,"MO",19300,297,"Information Technology & Services"
"214",14832,12,"FL",15473,1066,"Utilities"
"215",15080,224,"NY",87521,11141,"Hospitality"
"216",15103,3,"OH",19035,1679,"Business Supplies & Equipment"
"217",15112,112,"TX",128660,3182,"Renewables & Environment"
"218",15139,8,"PA",18507,2838,"Oil & Energy"
"219",15317,256,"TX",116643,3936,"Automotive"
"220",15473,28,"MI",21525,7632,"Education Management"
"221",15544,12,"WA",214811,5703,"Electrical & Electronic Manufacturing"
"222",15564,8364,"TX",11874121,61676,"Automotive"
"223",15575,2,"TX",17237,609,"Computer Software"
"224",15677,2,"OH",122070,13914,"Transportation/Trucking/Railroad"
"225",15916,12,"GA",18823,3780,"Staffing & Recruiting"
"226",16038,100,"WI",34493,8114,"Hospital & Health Care"
"227",16127,48,"NJ",115335,323,"Information Technology & Services"
"228",16263,2,"TX",31547,5064,"Insurance"
"229",16279,6,"NJ",70475,8911,"Retail"
"230",16318,2,"UT",14445,1686,"Health, Wellness & Fitness"
"231",16402,144,"FL",49802,8268,"Staffing & Recruiting"
"232",16589,6,"NY",50031,4327,"Hospital & Health Care"
"233",16710,28,"KS",16568,1571,"Oil & Energy"
"234",16733,66,"MO",91549,7604,"Retail"
"235",16742,10,"CA",40327,1681,"Accounting"
"236",17224,24,"WI",191369,3555,"Sporting Goods"
"237",17233,42,"NJ",40106,2408,"Environmental Services"
"238",17246,288,"PA",77248,165,"Staffing & Recruiting"
"239",17516,14,"MA",40702,2731,"Information Technology & Services"
"240",17603,90,"OR",26964,4322,"Banking"
"241",17995,4,"WI",47854,3401,"Food Production"
"242",18036,196,"CA",30342,1377,"Real Estate"
"243",18043,64,"IL",583190,1955,"Staffing & Recruiting"
"244",18109,4,"MN",14822,2453,"Insurance"
"245",18154,4,"IN",15907,1516,"Health, Wellness & Fitness"
"246",18176,72,"AZ",47663,8877,"Transportation/Trucking/Railroad"
"247",18287,231,"CA",13439,484,"Education Management"
"248",18401,392,"NC",25943,1852,"Accounting"
"249",18409,16,"CO",27318,487,"Hospitality"
"250",18453,2,"UT",59116,2846,"Medical Device"
"251",18476,70,"IN",853659,2123,"Information Technology & Services"
"252",18915,6,"AZ",50852,3013,"Real Estate"
"253",19066,20,"IL",27571,4291,"Hospital & Health Care"
"254",19072,12,"FL",22420,2460,"Financial Services"
"255",19241,8,"NH",26064,220,"Staffing & Recruiting"
"256",19269,5,"IL",50564,2580,"Restaurants"
"257",19349,256,"CA",19912,1266,"Environmental Services"
"258",19385,11,"MD",15261,2368,"Hospital & Health Care"
"259",19534,400,"NY",70617,1094,"Staffing & Recruiting"
"260",19902,8,"OH",18668,77,"Staffing & Recruiting"
"261",20415,9,"WA",39904,1567,"Human Resources"
"262",20468,8,"MI",24571,432,"Information Technology & Services"
"263",20629,6,"TX",178034,6178,"Transportation/Trucking/Railroad"
"264",20767,6,"NY",23795,234,"Research"
"265",21000,4,"NY",11321,171,"Marketing & Advertising"
"266",21250,27,"MN",111109,3497,"Mechanical Or Industrial Engineering"
"267",21273,60,"WA",30484,2633,"Hospital & Health Care"
"268",21425,20,"PA",63299,2579,"Mechanical Or Industrial Engineering"
"269",21667,28,"FL",9899,858,"Non-profit Organization Management"
"270",21792,2,"MN",17902,1173,"Real Estate"
"271",21836,55,"CA",1355869,1062,"Staffing & Recruiting"
"272",21984,6,"NY",39728,3378,"Accounting"
"273",22003,6,"CA",46442,1068,"Information Technology & Services"
"274",22112,6,"NC",103354,3266,"Non-profit Organization Management"
"275",22141,45,"AZ",16594,1266,"Utilities"
"276",22456,112,"MA",373793,2753,"Staffing & Recruiting"
"277",22505,10,"IL",141860,3685,"Construction"
"278",22534,16,"MN",28742,2296,"Building Materials"
"279",22612,2,"CA",11693,1070,"Insurance"
"280",22681,18,"VA",102620,790,"Non-profit Organization Management"
"281",22803,40,"OH",56323,2749,"Computer Software"
"282",23236,100,"AZ",8247,962,"Financial Services"
"283",23383,30,"NJ",36276,1671,"Civil Engineering"
"284",23662,6,"OH",40525,1730,"Wholesale"
"285",23789,8,"DC",1339525,164799,"Government Administration"
"286",23858,16,"GA",60043,3815,"Electrical & Electronic Manufacturing"
"287",24122,2,"ca",7385,249,"Museums & Institutions"
"288",24211,9,"IL",150454,432,"Staffing & Recruiting"
"289",24372,4,"GA",8926,1964,"Hospital & Health Care"
"290",24408,16,"LA",14920,905,"Oil & Energy"
"291",24629,8,"TX",452226,181,"Computer Software"
"292",24798,54,"AZ",21234,2040,"Insurance"
"293",25076,80,"NY",29627,9365,"Hospital & Health Care"
"294",25081,96,"CA",13749,349,"Real Estate"
"295",25374,4,"MO",17304,1756,"Electrical & Electronic Manufacturing"
"296",25452,16,"MD",133682,2166,"Computer & Network Security"
"297",25461,60,"MI",252568,585,"Staffing & Recruiting"
"298",25552,432,"WI",17768,1063,"Food Production"
"299",25683,63,"PA",21756,1251,"Information Technology & Services"
"300",25742,24,"IL",85769,360,"Hospital & Health Care"
"301",25856,462,"OH",60134,4968,"Staffing & Recruiting"
"302",25929,60,"MA",29411,187,"Staffing & Recruiting"
"303",26167,4,"CA",21314,857,"Computer Software"
"304",26205,88,"OK",22952,2089,"Insurance"
"305",26231,6,"MI",35030,1174,"Insurance"
"306",26586,32,"IL",21235,1180,"Insurance"
"307",26676,12,"WI",61949,13472,"Consumer Goods"
"308",26741,180,"CA",7109,1086,"Transportation/Trucking/Railroad"
"309",26873,200,"CA",13497,2626,"Restaurants"
"310",26932,15,"GA",165658,6858,"Financial Services"
"311",27172,6,"SD",15191,2754,"Government Administration"
"312",27290,24,"MD",75210,4413,"Retail"
"313",27333,24,"CA",153607,2076,"Consumer Electronics"
"314",27383,36,"CA",67014,44,"Information Technology & Services"
"315",27432,6,"OH",32998,1402,"Textiles"
"316",27872,24,"GA",5719,793,"Hospital & Health Care"
"317",28014,30,"OH",96250,1586,"Staffing & Recruiting"
"318",28053,4,"SD",51153,13640,"Hospital & Health Care"
"319",28424,4,"CA",11819,316,"Research"
"320",28629,42,"IL",7053,3705,"Primary/Secondary Education"
"321",28734,3,"GA",27115,1775,"Consumer Goods"
"322",28810,12,"Il",58380,854,"Consumer Goods"
"323",28836,5,"OR",19982,2677,"Wholesale"
"324",28923,112,"CA",184233,12235,"Retail"
"325",29308,8,"FL",180434,297,"Staffing & Recruiting"
"326",29352,9,"CA",764433,24255,"Computer Software"
"327",29497,196,"CO",13654,945,"Design"
"328",29602,12,"MA",53752,578,"Biotechnology"
"329",29620,2,"IL",9300,958,"Hospital & Health Care"
"330",29639,7,"VA",12292,3179,"Hospital & Health Care"
"331",29686,2,"MN",118109,163,"Staffing & Recruiting"
"332",30093,18,"MN",8505,924,"Computer Software"
"333",30186,20,"IL",2039,168,"Information Technology & Services"
"334",30324,54,"CA",241456,1391,"Information Technology & Services"
"335",30876,6,"MA",4821,632,"Banking"
"336",30967,84,"MO",145595,18944,"Retail"
"337",31636,3,"MD",48423,2302,"Real Estate"
"338",31649,5,"IN",15340,2591,"Retail"
"339",31805,5,"OR",10318,2468,"Hospital & Health Care"
"340",31827,112,"TX",20205,3050,"Hospital & Health Care"
"341",31869,1,"NM",29739,5694,"Hospital & Health Care"
"342",31882,12,"WI",12746,1723,"Management Consulting"
"343",32478,6,"VA",75173,7817,"Food Production"
"344",32685,4,"DC",11097,346,"Non-profit Organization Management"
"345",32831,16,"OH",11298,852,"Automotive"
"346",33055,32,"SC",77557,285,"Staffing & Recruiting"
"347",33264,54,"TX",40895,1501,"Real Estate"
"348",33283,8,"TX",13193,1050,"Defense & Space"
"349",33648,8,"OR",8257,1045,"Food Production"
"350",33874,20,"SC",15755,3725,"Hospital & Health Care"
"351",34081,36,"CA",14545,538,"Construction"
"352",34220,18,"MN",44713,1394,"Building Materials"
"353",34552,1,"CO",10565,805,"Law Practice"
"354",34704,24,"PA",27171,5413,"Hospital & Health Care"
"355",34867,4,"MO",9857,1248,"Health, Wellness & Fitness"
"356",34997,3,"GA",15543,865,"Outsourcing/Offshoring"
"357",35351,15,"CO",3802,396,"Law Practice"
"358",35504,1215,"CA",76723,9262,"Non-profit Organization Management"
"359",36232,6,"MO",136017,245,"Information Technology & Services"
"360",36635,12,"CA",1526,199,"Non-profit Organization Management"
"361",36676,6,"FL",91351,182,"Staffing & Recruiting"
"362",36749,2,"CA",35103,3879,"Retail"
"363",36879,16,"TX",7666,1102,"Non-profit Organization Management"
"364",37486,2484,"SC",265544,13712,"Real Estate"
"365",37516,2,"TX",19835,1260,"Civil Engineering"
"366",37520,2,"TX",49087,211,"Staffing & Recruiting"
"367",37524,6,"CA",16857,61,"Human Resources"
"368",37768,1406,"CA",231946,2025,"Information Technology & Services"
"369",37857,4,"WI",24949,1057,"Automotive"
"370",38264,18,"IN",31163,1493,"Apparel & Fashion"
"371",38521,4,"NE",9474,2294,"Hospital & Health Care"
"372",38913,2,"PA",10929,820,"Civil Engineering"
"373",39065,4,"TX",18605,1113,"Civil Engineering"
"374",39189,8,"TX",34296,276,"Staffing & Recruiting"
"375",39249,120,"OH",28836,3400,"Packaging & Containers"
"376",39930,12,"CA",38959,107,"Staffing & Recruiting"
"377",40025,12,"FL",209719,6629,"Medical Device"
"378",40317,2,"AR",2873,86,"Marketing & Advertising"
"379",40392,2,"CO",12149,609,"Banking"
"380",40783,12,"OK",129702,210,"Staffing & Recruiting"
"381",40894,1536,"IL",246809,2043,"Staffing & Recruiting"
"382",40910,6,"NJ",24420,640,"Computer Software"
"383",41004,180,"NC",30143,3713,"Supermarkets"
"384",42084,12,"MA",21485,358,"Computer Software"
"385",42104,24,"NY",7158,373,"Consumer Goods"
"386",42134,88,"TX",22299,3090,"Retail"
"387",42875,8,"CT",10120,1053,"Retail"
"388",42925,192,"WI",12979,1163,"Hospital & Health Care"
"389",43041,8,"ID",12116,2637,"Hospital & Health Care"
"390",43325,4,"CA",59892,755,"Information Technology & Services"
"391",43533,54,"VA",2192,37,"Information Technology & Services"
"392",43558,1,"VA",4605,99,"Information Technology & Services"
"393",44431,15,"NY",18959,114,"Marketing & Advertising"
"394",44775,10,"CA",10001,302,"Sports"
"395",44786,14,"VA",15365,135,"Banking"
"396",44829,12,"ON",50527,1831,"Real Estate"
"397",45068,30,"GA",49413,3293,"Transportation/Trucking/Railroad"
"398",45410,12,"NC",6623,186,"Management Consulting"
"399",45593,40,"IL",24531,334,"Information Technology & Services"
"400",45603,2,"IA",32578,252,"Staffing & Recruiting"
"401",45970,3,"CA",28688,1272,"Non-profit Organization Management"
"402",48528,1,"NC",19041,301,"Real Estate"
"403",49025,8,"CA",19272,514,"Real Estate"
"404",49042,777,"MA",29075,2882,"Hospital & Health Care"
"405",50170,8,"MO",7615,1131,"Hospital & Health Care"
"406",50381,18,"CA",5613,159,"Law Practice"
"407",50913,6,"IA",1895,349,"Insurance"
"408",51205,1,"CA",52731,849,"Consumer Goods"
"409",51279,14,"TX",11628,452,"Mechanical Or Industrial Engineering"
"410",53452,3,"IL",27525,502,"Building Materials"
"411",53596,6,"CT",52813,1394,"Apparel & Fashion"
"412",53971,16,"WI",58262,6140,"Building Materials"
"413",54799,27,"WA",30178,35,"Staffing & Recruiting"
"414",55170,12,"NC",15679,138,"Staffing & Recruiting"
"415",55215,3,"MI",71278,997,"Staffing & Recruiting"
"416",55394,2,"NE",7894,836,"Insurance"
"417",56502,12,"MN",12516,492,"Higher Education"
"418",56766,30,"AK",5798,886,"Hospital & Health Care"
"419",57207,12,"OK",3222,71,"Marketing & Advertising"
"420",57367,48,"GA",19218,1461,"Financial Services"
"421",57487,6,"OR",147654,175,"Staffing & Recruiting"
"422",57749,6,"TX",2712,110,"Management Consulting"
"423",57971,81,"DC",60712,168,"Renewables & Environment"
"424",58357,10,"MA",33150,90,"Staffing & Recruiting"
"425",58896,30,"TX",7388,266,"Information Technology & Services"
"426",60463,286,"NY",3742,700,"Non-profit Organization Management"
"427",60577,32,"WA",7697,82,"Hospitality"
"428",61341,8,"CA",5493,44,"Staffing & Recruiting"
"429",61400,384,"OH",10409,531,"Staffing & Recruiting"
"430",61469,4,"NY",1812,202,"Staffing & Recruiting"
"431",61631,16,"IL",23756,4562,"Financial Services"
"432",62227,4,"CA",24114,1243,"Construction"
"433",62571,1,"IL",13687,1294,"Wholesale"
"434",62669,1,"WA",9648,550,"Hospitality"
"435",62804,21,"CA",1562,142,"Non-profit Organization Management"
"436",62901,8,"NC",147947,654,"Staffing & Recruiting"
"437",63010,8,"MD",11742,609,"Financial Services"
"438",63800,1,"NH",14279,733,"Medical Device"
"439",64666,84,"TN",2803,333,"Education Management"
"440",64722,45,"CO",16093,100,"Aviation & Aerospace"
"441",64746,4,"TN",8223,1200,"Insurance"
"442",64883,1,"CA",1627,218,"Law Practice"
"443",65299,10,"AZ",6259,32,"Staffing & Recruiting"
"444",66357,2,"CA",9994,496,"Facilities Services"
"445",66932,2,"CO",2256,26,"Newspapers"
"446",67079,18,"CA",14197,428,"Construction"
"447",67995,15,"VA",1570,183,"Financial Services"
"448",69419,8,"CA",2772,557,"Consumer Electronics"
"449",69732,24,"IL",22242,84,"Information Technology & Services"
"450",69793,9,"CA",23909,121,"Marketing & Advertising"
"451",70253,3,"CA",2090,86,"Higher Education"
"452",70289,5,"IN",6341,804,"Medical Device"
"453",70560,18,"TX",15168,693,"Staffing & Recruiting"
"454",71350,168,"NC",173512,1513,"Staffing & Recruiting"
"455",71910,12,"CA",22698,427,"Construction"
"456",71919,2,"TN",14555,1332,"Apparel & Fashion"
"457",71939,72,"CA",80025,145,"Staffing & Recruiting"
"458",73414,2,"TX",32713,1839,"Utilities"
"459",73600,4,"MO",33344,4620,"Banking"
"460",74464,4,"MN",5664,1014,"Hospital & Health Care"
"461",74604,408,"FL",14340,661,"Staffing & Recruiting"
"462",75348,120,"CO",15496,2701,"Insurance"
"463",76312,4,"UT",21554,730,"Construction"
"464",76602,1,"CA",3452,185,"Performing Arts"
"465",76959,6,"TX",10397,858,"Building Materials"
"466",77097,24,"MN",48351,360,"Information Technology & Services"
"467",77153,252,"AL",4763,349,"Defense & Space"
"468",77222,2,"AZ",1969,125,"Real Estate"
"469",77301,4732,"TX",56693,10158,"Restaurants"
"470",78124,324,"CA",9213,978,"Financial Services"
"471",78885,36,"MA",29856,1410,"Real Estate"
"472",79560,168,"CT",26032,4066,"Furniture"
"473",81878,245,"NJ",51432,3890,"Automotive"
"474",82153,234,"LA",38824,2168,"Construction"
"475",83642,4,"IL",4487,238,"Real Estate"
"476",84418,72,"OR",4170,231,"Staffing & Recruiting"
"477",84645,36,"TN",37757,555,"Hospital & Health Care"
"478",84659,10,"MD",2982,676,"Hospital & Health Care"
"479",85320,2,"CA",20885,1217,"Environmental Services"
"480",85691,30,"OH",2732,141,"Construction"
"481",86475,32,"CA",5078,219,"Civil Engineering"
"482",87735,8,"MI",9838,445,"Automotive"
"483",88737,12,"ND",9110,813,"Utilities"
"484",90199,8,"FL",14345,136,"Staffing & Recruiting"
"485",90639,12,"NY",272034,570,"Staffing & Recruiting"
"486",90919,1,"MN",3655,176,"Real Estate"
"487",91899,2,"MI",8253,1047,"Banking"
"488",92525,36,"CA",2637,287,"Law Practice"
"489",94401,24,"NY",4314,82,"Management Consulting"
"490",94733,3,"CA",3473,164,"Entertainment"
"491",95036,2,"CA",115972,3584,"Financial Services"
"492",96013,2,"IA",23798,1754,"Transportation/Trucking/Railroad"
"493",98210,4,"CA",58227,6158,"Health, Wellness & Fitness"
"494",99360,16,"CT",65276,1547,"Hospital & Health Care"
"495",100302,2,"IL",95567,3021,"Higher Education"
"496",100781,5,"FL",8258,79,"Accounting"
"497",101459,144,"NJ",47065,18,"Staffing & Recruiting"
"498",101576,15,"OH",5785,217,"Real Estate"
"499",101699,4,"FL",9555,733,"Facilities Services"
"500",101899,1,"CO",6459,66,"Information Technology & Services"
"501",102211,10,"MN",1558,135,"Financial Services"
"502",102534,3,"VA",1996,336,"Mental Health Care"
"503",104243,8,"CA",260,55,"Non-profit Organization Management"
"504",104405,132,"CA",66048,2278,"Non-profit Organization Management"
"505",104602,30,"CA",8918,209,"Music"
"506",104849,21,"CO",4305,147,"Hospitality"
"507",104883,14,"GA",10150,293,"Electrical & Electronic Manufacturing"
"508",105066,4,"FL",33122,1621,"Staffing & Recruiting"
"509",106083,192,"NY",130985,164,"Staffing & Recruiting"
"510",106551,10,"VA",4707,286,"Hospitality"
"511",106707,4,"TX",36793,33,"Staffing & Recruiting"
"512",108340,64,"AZ",88514,10905,"Retail"
"513",108486,16,"WA",6376,71,"Management Consulting"
"514",108586,8,"PA",1084,159,"Media Production"
"515",108889,24,"ID",7739,530,"Oil & Energy"
"516",109880,10,"PA",8793,96,"Electrical & Electronic Manufacturing"
"517",111267,6,"MA",9884,506,"Real Estate"
"518",111485,6,"TX",14652,1005,"Food Production"
"519",113134,21,"CA",25742,1285,"Entertainment"
"520",113254,4,"CA",44877,2949,"Computer Software"
"521",114531,18,"VA",7435,189,"International Trade & Development"
"522",115024,24,"NJ",11784,161,"Computer Software"
"523",115116,432,"NY",99602,951,"Information Technology & Services"
"524",115341,36,"NY",4709,260,"Medical Device"
"525",115441,12,"FL",5382,578,"Hospital & Health Care"
"526",115455,4,"NC",823,22,"Hospital & Health Care"
"527",117620,12,"CA",10732,81,"Staffing & Recruiting"
"528",117882,8,"MI",12742,54,"Staffing & Recruiting"
"529",117983,4,"CA",34290,698,"Consumer Goods"
"530",118698,4,"NC",16015,175,"Hospital & Health Care"
"531",118843,40,"CT",7998,169,"Aviation & Aerospace"
"532",119688,4,"CA",1229,93,"Law Practice"
"533",121248,3,"IL",4222,352,"Financial Services"
"534",121799,36,"OH",2686,29,"Staffing & Recruiting"
"535",123034,4,"WA",7538,417,"Food Production"
"536",126591,12,"CT",880,233,"Hospital & Health Care"
"537",127643,3,"CT",1509,181,"Insurance"
"538",129849,2,"GA",8420,556,"Automotive"
"539",131001,126,"CA",623,77,"Law Practice"
"540",131880,3,"PA",9742,1020,"Building Materials"
"541",132146,8,"CA",10111,382,"Construction"
"542",132319,972,"NY",68362,64,"Staffing & Recruiting"
"543",132468,44,"CA",48140,2908,"Building Materials"
"544",132969,12,"PA",16606,56,"Law Practice"
"545",133074,36,"VA",31736,258,"Law Practice"
"546",134924,2,"CA",11951,687,"Wholesale"
"547",134993,8,"CA",4088,115,"Mechanical Or Industrial Engineering"
"548",136115,36,"WI",20008,1206,"Apparel & Fashion"
"549",136191,4,"VA",2351,25,"Staffing & Recruiting"
"550",138192,3,"CA",2104,35,"Public Safety"
"551",139348,36,"GA",18789,170,"Staffing & Recruiting"
"552",140581,4,"MA",69596,1546,"Mechanical Or Industrial Engineering"
"553",142571,48,"NJ",34026,357,"Information Services"
"554",143338,8,"CA",5304,52,"Health, Wellness & Fitness"
"555",143448,14,"MO",7581,139,"Architecture & Planning"
"556",144105,1,"WI",8239,336,"Design"
"557",146857,8,"CA",931,68,"Research"
"558",147699,24,"WA",9750,278,"Building Materials"
"559",149485,12,"CA",4039,176,"Construction"
"560",150203,12,"MA",47618,2112,"Wholesale"
"561",150217,10,"WI",8906,551,"Food & Beverages"
"562",154649,4,"NJ",3346,69,"Consumer Goods"
"563",154713,6,"NY",3295,51,"Financial Services"
"564",156075,5,"FL",4470,489,"Law Practice"
"565",157237,252,"GA",364714,12746,"Consumer Goods"
"566",157306,4,"TX",804166,9137,"Health, Wellness & Fitness"
"567",157313,12,"NJ",306375,9934,"Higher Education"
"568",157324,4,"GA",151381,4541,"Staffing & Recruiting"
"569",157329,12,"MD",132148,8470,"Financial Services"
"570",157338,2,"VA",661950,5919,"Non-profit Organization Management"
"571",157340,10,"fl",240177,12961,"Higher Education"
"572",157346,32,"WA",66074,2743,"Retail"
"573",162213,8,"SC",100416,2826,"Mechanical Or Industrial Engineering"
"574",162255,1,"UT",144323,14100,"Hospital & Health Care"
"575",162258,48,"IL",83707,13221,"Retail"
"576",162427,720,"NY",42252,1337,"Museums & Institutions"
"577",162547,4,"WI",81923,8572,"Furniture"
"578",162724,3808,"SC",90914,3473,"Computer Software"
"579",162749,132,"TX",164650,17175,"Transportation/Trucking/Railroad"
"580",162755,132,"ID",44766,3148,"Building Materials"
"581",162912,180,"NJ",234940,13702,"Pharmaceuticals"
"582",162961,2,"TX",66774,5984,"Utilities"
"583",162969,9,"wa",74997,3127,"Higher Education"
"584",162987,16,"MN",288519,18897,"Transportation/Trucking/Railroad"
"585",162999,81,"NY",36292,3176,"Marketing & Advertising"
"586",163025,42,"CA",180502,30422,"Restaurants"
"587",163228,72,"CA",24760,5528,"Government Administration"
"588",163414,7,"VA",92546,3727,"Computer Software"
"589",163535,18,"UT",46003,2197,"Mining & Metals"
"590",163566,4,"GA",18027,3264,"Retail"
"591",163617,88,"GA",36510,2155,"Staffing & Recruiting"
"592",163743,50,"NY",664218,29737,"Information Technology & Services"
"593",163763,2,"NC",290847,8425,"International Trade & Development"
"594",163787,2352,"VA",89465,18018,"Wholesale"
"595",163885,50,"CA",26828,1262,"Media Production"
"596",164085,64,"NY",95270,8593,"Financial Services"
"597",164113,120,"TX",23902,3926,"Hospital & Health Care"
"598",164200,288,"OK",161854,13076,"Retail"
"599",164372,40,"NY",140992,4244,"Marketing & Advertising"
"600",164376,580,"GA",304825,6541,"Information Technology & Services"
"601",164401,3,"DC",678135,6851,"International Trade & Development"
"602",164527,72,"AR",141070,20626,"Transportation/Trucking/Railroad"
"603",164535,24,"NY",265147,14817,"Airlines/Aviation"
"604",164552,3,"CA",11205,268,"Hospitality"
"605",164711,4,"FL",128413,8099,"Real Estate"
"606",164821,16,"NY",34122,4329,"Hospital & Health Care"
"607",165078,2,"NE",74984,8361,"Financial Services"
"608",165118,216,"OH",74134,10316,"Hospital & Health Care"
"609",165207,8,"VA",18620,1286,"Information Technology & Services"
"610",165222,9,"FL",387345,14055,"Leisure, Travel & Tourism"
"611",165303,3,"TX",55183,3375,"Hospital & Health Care"
"612",165380,35,"CA",38063,3893,"Financial Services"
"613",165381,8,"OR",24718,2661,"Utilities"
"614",165383,32,"CA",78349,5321,"Sports"
"615",165422,728,"WA",30580,8304,"Hospital & Health Care"
"616",165602,72,"GA",366485,2648,"Information Technology & Services"
"617",165648,6,"CA",53636,1066,"Semiconductors"
"618",165735,165,"CO",36818,1558,"Construction"
"619",165755,12,"MI",464969,13769,"Computer Software"
"620",165791,360,"IL",12652,2152,"Retail"
"621",165998,12,"CA",58850,4507,"Semiconductors"
"622",166391,4,"GA",117054,1978,"Management Consulting"
"623",166421,4,"NJ",37921,3249,"Retail"
"624",166471,2,"PA",131355,4802,"Real Estate"
"625",166486,320,"MD",99855,14818,"Financial Services"
"626",166512,1,"MD",26588,1277,"Facilities Services"
"627",166680,10,"TX",256767,7882,"Higher Education"
"628",166707,1,"TN",73819,10693,"Insurance"
"629",166714,640,"IL",294544,20205,"Food & Beverages"
"630",166732,42,"NY",84462,9158,"Insurance"
"631",166753,24,"NE",161800,4316,"Mechanical Or Industrial Engineering"
"632",166774,30,"VA",26691,4169,"Transportation/Trucking/Railroad"
"633",166944,36,"CA",29590,2162,"Law Practice"
"634",167212,21,"CA",177121,1551,"Entertainment"
"635",167379,8,"CA",22350,473,"Computer Software"
"636",167624,72,"CA",241109,1041,"Internet"
"637",167700,1,"WA",114126,3830,"Computer Software"
"638",201351,12,"MI",571493,10987,"Information Technology & Services"
"639",201778,12,"MN",22174,8540,"Construction"
"640",202140,2,"MD",2021,162,"Information Technology & Services"
"641",203204,63,"DE",2751,107,"Staffing & Recruiting"
"642",204589,1,"NJ",4036,194,"Information Technology & Services"
"643",206226,9,"CA",95169,4630,"Defense & Space"
"644",206800,2,"GA",113058,50,"Information Technology & Services"
"645",210025,72,"WI",622,26,"Law Practice"
"646",211166,2,"NY",14943,640,"Banking"
"647",213862,4,"ND",9332,158,"Mechanical Or Industrial Engineering"
"648",214960,36,"TN",33714,2305,"Hospital & Health Care"
"649",217032,24,"CA",26361,76,"Staffing & Recruiting"
"650",217273,45,"VA",35625,474,"Information Technology & Services"
"651",218019,24,"AZ",6697,1182,"Education Management"
"652",219009,18,"OH",9532,24,"Staffing & Recruiting"
"653",219885,2,"MA",2839,40,"Renewables & Environment"
"654",220205,36,"WA",25908,239,"Management Consulting"
"655",220336,696,"IL",1235615,75250,"Hospitality"
"656",221519,24,"TX",9200,671,"Management Consulting"
"657",224457,2,"MI",15857,818,"Machinery"
"658",225239,12,"MA",18343,715,"Civil Engineering"
"659",230197,3,"IL",1986,47,"Media Production"
"660",231042,10,"NJ",92856,152,"Staffing & Recruiting"
"661",231383,6,"MN",16303,1008,"Banking"
"662",232761,2,"NY",5482,506,"Marketing & Advertising"
"663",233054,8,"MI",9284,174,"Information Technology & Services"
"664",236235,12,"ME",1605,18,"Environmental Services"
"665",237403,8,"PA",200,14,"Printing"
"666",245148,66,"PA",34718,1517,"Packaging & Containers"
"667",248184,102,"MA",108512,748,"Staffing & Recruiting"
"668",248599,16,"MO",53103,3579,"Insurance"
"669",249004,6,"CA",2100,769,"Government Administration"
"670",250774,1,"CA",37310,3110,"Information Technology & Services"
"671",251970,4,"TX",4065,309,"Food & Beverages"
"672",252624,25,"OH",11720,1771,"Utilities"
"673",255406,10,"NH",614,52,"Facilities Services"
"674",255522,36,"Al",3995,377,"Civil Engineering"
"675",256109,8,"OH",88353,41,"Human Resources"
"676",260295,6,"GA",154570,289,"Staffing & Recruiting"
"677",260775,32,"UT",1247,243,"Government Administration"
"678",260776,24,"FL",5405,311,"Pharmaceuticals"
"679",266375,8,"TN",13701,8,"Staffing & Recruiting"
"680",268278,10,"VA",41969,48,"Staffing & Recruiting"
"681",269397,24,"FL",129097,5451,"Utilities"
"682",280561,4,"MD",3127,779,"Law Practice"
"683",283807,88,"FL",21836,1936,"Real Estate"
"684",285027,2,"KY",2566,131,"Facilities Services"
"685",285809,8,"MA",1528,45,"Construction"
"686",285852,12,"CT",75958,425,"Translation & Localization"
"687",287711,6,"TX",9324,1336,"Hospitality"
"688",288703,8,"CT",196,25,"Hospital & Health Care"
"689",289597,32,"CA",1467,61,"Law Practice"
"690",290493,60,"IL",4714,354,"Mechanical Or Industrial Engineering"
"691",296193,5,"MO",5743,239,"Insurance"
"692",298190,9,"MN",14383,680,"Computer Software"
"693",298409,200,"CA",146751,394,"Staffing & Recruiting"
"694",299305,2,"NH",2074,27,"Staffing & Recruiting"
"695",307079,22,"CA",30548,603,"Marketing & Advertising"
"696",310015,80,"NJ",106027,528,"Staffing & Recruiting"
"697",313558,8,"CA",286,5,"Real Estate"
"698",315817,196,"AZ",98553,15671,"Environmental Services"
"699",319203,6,"WI",8900,385,"Food & Beverages"
"700",319995,4,"CT",3162,285,"Insurance"
"701",321712,27,"AZ",3375,20,"Information Technology & Services"
"702",321986,1,"MA",72838,2234,"Building Materials"
"703",323887,36,"FL",7304,427,"Staffing & Recruiting"
"704",327412,27,"VA",6939,169,"Market Research"
"705",331239,4,"MN",4099,303,"Real Estate"
"706",333323,930,"PA",90397,3111,"Biotechnology"
"707",334661,36,"TX",1942,33,"Computer Software"
"708",336380,2,"WA",180884,3102,"Electrical & Electronic Manufacturing"
"709",337132,24,"TX",20817,450,"Staffing & Recruiting"
"710",337476,36,"MD",5285,108,"Information Technology & Services"
"711",340377,4,"TN",1747,65,"Security & Investigations"
"712",347685,5,"WI",16229,1328,"Hospital & Health Care"
"713",349297,12,"WA",121759,1468,"Computer Software"
"714",349545,12,"AL",969,330,"Construction"
"715",352558,8,"MI",67221,5469,"Financial Services"
"716",357142,8,"OH",1160,42,"Machinery"
"717",357287,36,"FL",5757,387,"Law Enforcement"
"718",358102,6,"CA",4915,40,"Staffing & Recruiting"
"719",362181,2,"TX",9726,401,"Real Estate"
"720",365785,1,"AR",18990,279,"Marketing & Advertising"
"721",366025,432,"NY",57769,17943,"Transportation/Trucking/Railroad"
"722",367977,4,"PA",15349,1176,"Transportation/Trucking/Railroad"
"723",368844,1,"WI",14933,808,"Chemicals"
"724",373568,13,"CA",215051,361,"Staffing & Recruiting"
"725",377671,30,"GA",14778,1746,"Accounting"
"726",380818,4,"CA",645,131,"Individual & Family Services"
"727",383000,56,"OH",29866,1171,"Consumer Services"
"728",383161,15,"MS",20165,3243,"Banking"
"729",384676,4,"DC",32182,438,"Pharmaceuticals"
"730",390599,4,"TX",7539,242,"Packaging & Containers"
"731",398606,1,"TX",26223,2780,"Transportation/Trucking/Railroad"
"732",400528,6,"CA",300761,6694,"Computer Software"
"733",403409,4,"AZ",20043,863,"Construction"
"734",408636,2,"CA",44848,4303,"Staffing & Recruiting"
"735",413796,36,"IL",118159,126,"Staffing & Recruiting"
"736",423483,2,"CA",48940,438,"Computer Software"
"737",424952,2,"OH",20913,769,"Real Estate"
"738",425984,54,"MA",6288,1143,"Individual & Family Services"
"739",428258,1,"TX",29587,1117,"Oil & Energy"
"740",436163,4,"TX",5839,333,"Information Technology & Services"
"741",441947,36,"VA",306534,815,"Human Resources"
"742",448814,4,"NV",18121,1908,"Utilities"
"743",450279,9,"CA",4104,145,"Food Production"
"744",450323,468,"CA",142313,80,"Staffing & Recruiting"
"745",452426,16,"CO",21709,1552,"Mental Health Care"
"746",455602,21,"SD",14164,417,"Electrical & Electronic Manufacturing"
"747",459969,50,"TX",4498,169,"Utilities"
"748",461301,14,"FL",17618,122,"Real Estate"
"749",461365,2,"NY",24214,2169,"Hospital & Health Care"
"750",462732,4,"TX",6891,319,"Civil Engineering"
"751",466204,12,"MO",1873,108,"Financial Services"
"752",469945,50,"FL",2614,81,"Wholesale"
"753",478025,32,"VA",1052,55,"Civil Engineering"
"754",481873,32,"IA",13476,128,"Farming"
"755",483347,2,"MD",31732,372,"Banking"
"756",485407,4,"FL",21284,2917,"Education Management"
"757",485573,9,"TX",8320,229,"Real Estate"
"758",491205,2,"GA",225,13,"Information Technology & Services"
"759",492566,32,"OH",8735,240,"Transportation/Trucking/Railroad"
"760",493046,4,"CA",14890,749,"Education Management"
"761",493453,32,"IL",20025,822,"Real Estate"
"762",497017,336,"NY",2779767,87913,"Financial Services"
"763",497515,288,"OH",10133,2419,"Food & Beverages"
"764",503757,2,"NY",70935,4404,"Insurance"
"765",508963,8,"MA",75106,4663,"Environmental Services"
"766",510681,8,"NY",14157,810,"Real Estate"
"767",510951,48,"CA",18866,8,"Staffing & Recruiting"
"768",522411,10,"TX",4154,201,"Law Practice"
"769",522560,6,"Ca",24365,435,"Wholesale"
"770",528217,8,"OR",12000,491,"Aviation & Aerospace"
"771",529548,4,"CA",123079,217,"Staffing & Recruiting"
"772",538029,5,"AL",4216,86,"Staffing & Recruiting"
"773",545538,2,"FL",6510,192,"Staffing & Recruiting"
"774",547009,300,"PA",19296,825,"Transportation/Trucking/Railroad"
"775",548385,2,"CO",24293,52,"Information Technology & Services"
"776",552829,2,"FL",3393,484,"Hospital & Health Care"
"777",559761,24,"OH",3066,37,"Marketing & Advertising"
"778",570415,12,"WA",3658,486,"Hospital & Health Care"
"779",571440,144,"GA",25352,54,"Sporting Goods"
"780",580089,2,"AL",15639,1013,"Civil Engineering"
"781",580693,14,"MA",4945,40,"Biotechnology"
"782",581824,12,"CA",51895,4093,"Financial Services"
"783",585138,128,"Wi",19160,1551,"Hospitality"
"784",594182,5,"MN",755,29,"Environmental Services"
"785",594846,12,"CA",103373,1542,"Computer Software"
"786",595749,18,"NY",5905,144,"Computer Software"
"787",598164,72,"WI",1046,26,"Research"
"788",601919,18228,"CA",239025,7397,"Computer Software"
"789",606385,2,"VA",6025,494,"Construction"
"790",611131,8,"GA",45466,4850,"Building Materials"
"791",613812,16,"NJ",133501,1555,"Staffing & Recruiting"
"792",623716,1,"WA",4210,549,"Hospital & Health Care"
"793",629227,396,"NC",64320,13627,"Food & Beverages"
"794",629785,48,"CO",5043,460,"Government Administration"
"795",637937,10,"CA",5852,36,"Retail"
"796",641035,90,"CA",18494,645,"Financial Services"
"797",643295,9,"CA",25343,205,"Marketing & Advertising"
"798",644776,2,"MA",24406,666,"Computer Software"
"799",647285,8,"CA",6383,445,"Utilities"
"800",650594,14,"MO",2765,273,"Insurance"
"801",656981,1,"NC",6488,360,"Mechanical Or Industrial Engineering"
"802",660180,24,"NV",6313,830,"Individual & Family Services"
"803",668353,2,"FL",4872,430,"Hospital & Health Care"
"804",674355,3,"FL",18413,896,"Construction"
"805",674609,10,"WI",6629,113,"Machinery"
"806",683310,405,"IL",11791,2706,"Automotive"
"807",683924,24,"CA",1454,27,"Civil Engineering"
"808",686294,3100,"CA",65030,3921,"Hospital & Health Care"
"809",690568,6,"Il",36836,1495,"Real Estate"
"810",698629,4,"MO",10477,836,"Financial Services"
"811",701236,4,"WA",3527,442,"Financial Services"
"812",703207,4,"VA",272,50,"Construction"
"813",704813,3,"WA",62823,1783,"Retail"
"814",708393,1512,"MI",38230,963,"Civil Engineering"
"815",708782,18,"TX",36959,65,"Information Technology & Services"
"816",709813,16,"OH",14004,205,"Computer Software"
"817",710023,2,"PA",4163,125,"Construction"
"818",713845,12,"TX",19073,2805,"Education Management"
"819",725927,10,"WI",3818,362,"Computer Hardware"
"820",732744,4,"CA",11930,297,"Marketing & Advertising"
"821",733622,16,"NY",23758,518,"Marketing & Advertising"
"822",734180,12,"PA",1892,123,"Education Management"
"823",741062,30,"CA",2725,93,"Construction"
"824",741253,6,"MD",4395,292,"Hospital & Health Care"
"825",741509,9,"NY",1571,31,"Design"
"826",748875,8,"CA",7541,147,"Staffing & Recruiting"
"827",750072,22,"CA",157212,1471,"Information Technology & Services"
"828",762365,1,"FL",39579,8503,"Real Estate"
"829",763451,2,"CA",7253,840,"Wholesale"
"830",766544,7,"CA",7446,118,"Biotechnology"
"831",766876,78,"MI",353093,772,"Staffing & Recruiting"
"832",770532,42,"NY",15787,51,"Financial Services"
"833",777243,360,"FL",242217,357,"Staffing & Recruiting"
"834",782367,4,"MO",26056,166,"Health, Wellness & Fitness"
"835",784586,12,"NM",1504,67,"Construction"
"836",797698,1,"NY",2897,117,"Higher Education"
"837",803934,16,"TX",11924,456,"Real Estate"
"838",805305,5,"RI",1604,218,"Mental Health Care"
"839",808034,52,"CA",90008,18302,"Staffing & Recruiting"
"840",810033,6,"Wa",253,14,"Real Estate"
"841",814025,126,"CA",371526,3530,"Computer Software"
"842",822239,9,"TX",53154,66,"Staffing & Recruiting"
"843",827183,56,"NY",484761,640,"Staffing & Recruiting"
"844",833576,2,"IL",8613,76,"International Trade & Development"
"845",853789,3,"PA",7019,530,"Financial Services"
"846",861806,12,"TX",6098,1776,"Restaurants"
"847",868313,40,"VA",4237,153,"Construction"
"848",869128,36,"IL",91392,217,"Information Technology & Services"
"849",877938,24,"WA",5288,216,"Management Consulting"
"850",884316,81,"CT",421735,23925,"Consumer Goods"
"851",888055,3,"CA",1257,109,"Media Production"
"852",890145,88,"GA",204470,1850,"Information Technology & Services"
"853",893976,8,"IL",4079,77,"Plastics"
"854",894315,15,"CA",5219,173,"Security & Investigations"
"855",908113,25,"FL",19701,1075,"Hospital & Health Care"
"856",910171,2,"NJ",2640,73,"Computer Software"
"857",911461,30,"NJ",92564,551,"Information Technology & Services"
"858",913591,12,"VA",2355,80,"Chemicals"
"859",917137,1,"PA",5409,271,"Electrical & Electronic Manufacturing"
"860",937112,1,"NY",116113,2068,"Apparel & Fashion"
"861",950989,42,"NC",8695,752,"Transportation/Trucking/Railroad"
"862",961661,12,"NY",28934,1663,"Consumer Services"
"863",966339,1,"NJ",9406,337,"Financial Services"
"864",969699,22,"NC",7631,7,"Staffing & Recruiting"
"865",981482,8,"MD",7687,77,"Transportation/Trucking/Railroad"
"866",982394,18,"VA",3500,369,"Marketing & Advertising"
"867",990745,14,"WY",4754,1296,"Hospital & Health Care"
"868",997645,48,"PA",187,48,"Real Estate"
"869",1013451,12,"KY",3137,384,"Transportation/Trucking/Railroad"
"870",1015589,2,"CA",104717,1013,"Computer Software"
"871",1051105,16,"MN",40795,295,"Biotechnology"
"872",1051903,144,"TX",61981,2923,"Biotechnology"
"873",1059379,10,"WA",329,69,"Non-profit Organization Management"
"874",1066442,91,"NY",227014,5545,"Computer Software"
"875",1068467,10,"OH",1322,163,"Professional Training & Coaching"
"876",1072536,30,"AZ",5294,207,"Health, Wellness & Fitness"
"877",1075106,2,"NV",3859,641,"Hospital & Health Care"
"878",1075291,8,"NV",158024,23718,"Hospitality"
"879",1087079,5,"NY",6189,774,"Government Administration"
"880",1091069,6,"NY",13646,244,"Health, Wellness & Fitness"
"881",1093822,20,"AL",6712,1152,"Automotive"
"882",1100968,15,"TX",9750,75,"Hospital & Health Care"
"883",1104193,18,"FL",7180,437,"Government Administration"
"884",1109157,2,"NY",3438,553,"Hospital & Health Care"
"885",1110268,18,"IA",991,15,"Architecture & Planning"
"886",1115776,12,"NC",26199,522,"Renewables & Environment"
"887",1117761,10,"FL",3232,198,"Hospital & Health Care"
"888",1124924,4,"IN",13524,504,"Real Estate"
"889",1135366,32,"OH",5837,583,"Transportation/Trucking/Railroad"
"890",1162496,1,"AL",7106,172,"Management Consulting"
"891",1167975,6,"KS",6455,408,"Hospital & Health Care"
"892",1175330,9,"CA",4756,75,"Computer Software"
"893",1177302,4,"IN",27592,964,"Building Materials"
"894",1179727,6,"MI",4101,94,"Automotive"
"895",1180728,1,"IN",6862,366,"Staffing & Recruiting"
"896",1189848,4,"NJ",1562,48,"Sports"
"897",1211072,12,"VA",2050,131,"Information Technology & Services"
"898",1228217,15,"WI",3421,309,"Construction"
"899",1242080,4,"FL",15313,1737,"Consumer Services"
"900",1248476,4,"NY",1019,192,"Construction"
"901",1251803,720,"CA",3050,312,"Individual & Family Services"
"902",1252897,1,"TN",10390,468,"Environmental Services"
"903",1257738,9,"GA",11654,590,"Food & Beverages"
"904",1274529,2,"CA",7709,349,"Pharmaceuticals"
"905",1280557,1,"SC",11779,1354,"Mechanical Or Industrial Engineering"
"906",1282463,2,"VA",636,26,"Plastics"
"907",1286891,2562,"TX",75611,695,"Staffing & Recruiting"
"908",1293049,24,"FL",8491,267,"Individual & Family Services"
"909",1300885,24,"NJ",8663,146,"Transportation/Trucking/Railroad"
"910",1302410,42,"NY",4967,11,"Staffing & Recruiting"
"911",1307665,126,"PA",125847,11255,"Biotechnology"
"912",1335225,10,"NY",1581,31,"Plastics"
"913",1339209,60,"TX",101776,9251,"Entertainment"
"914",1343839,12,"NJ",634,16,"Construction"
"915",1344410,36,"OH",23918,369,"Information Technology & Services"
"916",1357922,42,"CA",1997,223,"Education Management"
"917",1358177,8,"HI",1282,81,"Transportation/Trucking/Railroad"
"918",1359624,2,"WA",46953,1200,"Consumer Goods"
"919",1373835,672,"TN",4957,983,"Higher Education"
"920",1379054,8,"LA",1025,124,"Banking"
"921",1383862,72,"NC",7350,89,"Real Estate"
"922",1394616,2,"OH",13751,864,"Transportation/Trucking/Railroad"
"923",1410268,2,"CA",1213,54,"Non-profit Organization Management"
"924",1410451,8,"CA",42734,213,"Computer Software"
"925",1447496,12,"AZ",437,74,"Civil Engineering"
"926",1458905,45,"FL",2873,142,"Furniture"
"927",1466837,10,"MD",6937,379,"Education Management"
"928",1482552,8,"IL",10491,627,"Transportation/Trucking/Railroad"
"929",1487716,12,"MA",2386,65,"Mining & Metals"
"930",1505704,80,"PA",5657,418,"Banking"
"931",1507699,15,"CA",3056,79,"Marketing & Advertising"
"932",1536386,75,"CA",36301,484,"Security & Investigations"
"933",1540702,343,"TX",12992,1629,"Automotive"
"934",1551641,1,"NY",96562,73,"Staffing & Recruiting"
"935",1557409,2460,"TX",82183,5635,"Telecommunications"
"936",1561600,6,"CA",1167,22,"Furniture"
"937",1576969,4,"FL",4722,131,"Building Materials"
"938",1582517,8,"AZ",7139,46,"Accounting"
"939",1585669,3,"IL",3969,72,"Hospital & Health Care"
"940",1608684,12,"NJ",17700,49,"Staffing & Recruiting"
"941",1628169,2,"RI",608,10,"Mechanical Or Industrial Engineering"
"942",1633103,12,"CA",36525,134,"Renewables & Environment"
"943",1633836,1,"CA",2754,5,"Staffing & Recruiting"
"944",1637012,2,"OH",1034,208,"Mental Health Care"
"945",1646245,12,"MN",22202,1502,"Retail"
"946",1646289,6,"VA",2963,74,"Research"
"947",1656268,36,"CA",180178,1540,"Information Technology & Services"
"948",1670700,24,"WA",10451,185,"Staffing & Recruiting"
"949",1673105,1,"GA",13316,341,"Hospitality"
"950",1684870,8,"TX",8006,451,"Hospital & Health Care"
"951",1711692,12,"NC",2507,104,"Environmental Services"
"952",1712352,2,"AZ",707,25,"Financial Services"
"953",1729578,45,"NY",16777,1791,"Computer Software"
"954",1730515,4,"IA",1711,113,"Farming"
"955",1732887,32,"GA",4330,299,"Medical Device"
"956",1742506,156,"FL",115983,463,"Staffing & Recruiting"
"957",1759630,48,"NY",2733,42,"Apparel & Fashion"
"958",1766026,84,"UT",60100,7029,"Consumer Electronics"
"959",1768090,10,"TX",22163,1035,"Construction"
"960",1770684,10,"TX",2739,4,"Law Practice"
"961",1779663,10,"CA",4790,37,"Staffing & Recruiting"
"962",1791517,12,"IN",3748,270,"Machinery"
"963",1805509,192,"CO",14525,313,"Building Materials"
"964",1842856,15,"OR",8325,669,"Transportation/Trucking/Railroad"
"965",1852454,336,"TN",15590,571,"Broadcast Media"
"966",1877098,4,"OH",13483,14,"Staffing & Recruiting"
"967",1885564,14,"OH",1905,36,"Computer Software"
"968",1903333,28,"GA",1666,50,"Public Relations & Communications"
"969",1908498,121,"GA",10057,1799,"Hospital & Health Care"
"970",1909256,2,"AZ",269,16,"Computer Software"
"971",1932056,3,"IL",216,49,"Non-profit Organization Management"
"972",1944335,14,"CA",10945,299,"Computer Software"
"973",1947704,4,"CO",1398,55,"Electrical & Electronic Manufacturing"
"974",1952028,27,"CA",23942,464,"Insurance"
"975",1963255,32,"FL",52173,2279,"Hospital & Health Care"
"976",1967752,6,"TX",1404,71,"Logistics & Supply Chain"
"977",1977034,12,"IL",1426,17,"Public Relations & Communications"
"978",1981697,16,"WA",1753,77,"Research"
"979",2010945,15,"TX",6387,51,"Research"
"980",2012594,216,"CA",5847,373,"Utilities"
"981",2014725,4,"CA",165399,959,"Computer Software"
"982",2024489,9,"MO",11177,16,"Staffing & Recruiting"
"983",2029124,12,"KY",1472,35,"Architecture & Planning"
"984",2060607,6,"NY",438,4,"Public Relations & Communications"
"985",2073050,8,"CO",1708,70,"Mechanical Or Industrial Engineering"
"986",2076992,4,"AZ",2512,59,"Management Consulting"
"987",2102144,6,"ON",46477,2699,"Utilities"
"988",2106853,45,"OR",12967,1514,"Financial Services"
"989",2114711,4,"CA",22854,16,"Staffing & Recruiting"
"990",2125658,10,"TX",15082,923,"Transportation/Trucking/Railroad"
"991",2125741,4,"KS",1246,289,"Consumer Services"
"992",2132152,24,"GA",2807,217,"Hospitality"
"993",2138573,12,"NY",970,24,"Architecture & Planning"
"994",2146167,120,"CA",21785,60,"Staffing & Recruiting"
"995",2146221,4,"UT",971,117,"Law Practice"
"996",2159572,2,"MN",3189,74,"Consumer Goods"
"997",2163962,8,"TN",9766,800,"Automotive"
"998",2171249,8,"OR",1285,85,"Accounting"
"999",2180169,4,"GA",36403,3231,"Marketing & Advertising"
"1000",2201548,12,"OH",412,43,"Building Materials"
"1001",2203697,200,"WI",781606,9271,"Staffing & Recruiting"
"1002",2214679,2,"TX",25326,3023,"Insurance"
"1003",2236492,1,"TX",13886,61,"Information Technology & Services"
"1004",2240218,4,"CA",91398,85,"Staffing & Recruiting"
"1005",2241197,18,"CA",61320,1415,"Marketing & Advertising"
"1006",2261627,18,"CA",90204,1199,"Information Technology & Services"
"1007",2263179,12,"OR",108685,5998,"Automotive"
"1008",2272001,96,"FL",7290,307,"Staffing & Recruiting"
"1009",2275433,8,"CA",17836,187,"Computer Software"
"1010",2279709,1,"OH",749,65,"Non-profit Organization Management"
"1011",2281751,1,"PA",293,20,"Information Technology & Services"
"1012",2283870,8,"NC",28642,64,"Staffing & Recruiting"
"1013",2297786,6,"NH",23568,30,"Staffing & Recruiting"
"1014",2309404,2,"FL",5680,588,"Non-profit Organization Management"
"1015",2320776,2,"FL",2758,347,"Hospital & Health Care"
"1016",2327867,16,"NY",3070,161,"Defense & Space"
"1017",2343421,4,"MS",12523,1595,"Telecommunications"
"1018",2343541,40,"MA",1031,28,"Electrical & Electronic Manufacturing"
"1019",2344502,8,"CA",23110,382,"Staffing & Recruiting"
"1020",2345562,2,"CO",1384,25,"Mechanical Or Industrial Engineering"
"1021",2348603,4,"WA",12131,114,"Information Technology & Services"
"1022",2354064,24,"FL",14803,55,"Staffing & Recruiting"
"1023",2381434,1,"CA",15417,153,"Health, Wellness & Fitness"
"1024",2382849,12,"OR",2939,940,"Non-profit Organization Management"
"1025",2388609,36,"MO",13753,50,"Staffing & Recruiting"
"1026",2389778,4,"MI",4446,27,"Medical Device"
"1027",2393241,36,"KS",35537,35,"Staffing & Recruiting"
"1028",2396310,1127,"GA",458497,8074,"Staffing & Recruiting"
"1029",2397781,4,"OH",593,40,"Mechanical Or Industrial Engineering"
"1030",2413926,36,"CA",8106,13,"Staffing & Recruiting"
"1031",2424317,2,"PA",77,11,"Accounting"
"1032",2430668,663,"CT",572906,36265,"Transportation/Trucking/Railroad"
"1033",2434292,6,"FL",3432,5,"Staffing & Recruiting"
"1034",2438445,5,"FL",695,130,"Consumer Services"
"1035",2446172,28,"WA",43225,595,"Research"
"1036",2474489,16,"FL",6223,64,"Wholesale"
"1037",2474662,32,"IL",554254,1122,"Staffing & Recruiting"
"1038",2476170,12,"IL",382,23,"Non-profit Organization Management"
"1039",2480405,6,"SC",9879,411,"Construction"
"1040",2489101,244,"CT",3694,3,"Staffing & Recruiting"
"1041",2491385,24,"FL",3543,135,"Civil Engineering"
"1042",2491610,2,"GA",7853,396,"Building Materials"
"1043",2502526,8,"NY",3576,75,"Marketing & Advertising"
"1044",2518106,2,"NJ",47764,1644,"Computer & Network Security"
"1045",2520146,5,"MN",257,38,"Mental Health Care"
"1046",2524729,6,"CA",8022,315,"Financial Services"
"1047",2531104,32,"IL",115449,238,"Staffing & Recruiting"
"1048",2538921,40,"IL",6284,184,"Information Technology & Services"
"1049",2539226,54,"CA",5983,598,"Government Administration"
"1050",2541700,2,"NV",4464,625,"Hospital & Health Care"
"1051",2547931,10,"PA",3362,98,"Biotechnology"
"1052",2548108,8,"UT",1720,476,"Hospital & Health Care"
"1053",2558753,15,"CO",9624,667,"Hospital & Health Care"
"1054",2560251,4,"AR",258,38,"Staffing & Recruiting"
"1055",2560345,48,"MN",32003,195,"Staffing & Recruiting"
"1056",2562534,1,"FL",1487,13,"Staffing & Recruiting"
"1057",2564886,4,"NJ",11069,1609,"Construction"
"1058",2576930,54,"MI",268,23,"Information Technology & Services"
"1059",2578208,6,"NC",30124,1169,"Medical Device"
"1060",2584492,2,"FL",2749,476,"Hospital & Health Care"
"1061",2584494,2,"FL",1640,460,"Hospital & Health Care"
"1062",2584496,2,"FL",837,99,"Hospital & Health Care"
"1063",2598400,2,"NY",12036,250,"Hospital & Health Care"
"1064",2604972,6,"CA",113,11,"Management Consulting"
"1065",2615606,7,"MD",646,42,"Law Practice"
"1066",2615835,117,"VA",43111,187,"Staffing & Recruiting"
"1067",2619610,45,"DC",3293,9,"Management Consulting"
"1068",2620735,18,"CA",336945,22553,"Transportation/Trucking/Railroad"
"1069",2625582,6,"FL",3705,33,"Hospital & Health Care"
"1070",2640689,15,"MN",2333,10,"Staffing & Recruiting"
"1071",2644830,9,"WI",163,22,"Automotive"
"1072",2645381,16,"NJ",15579,195,"Hospital & Health Care"
"1073",2648958,1,"TX",11790,12,"Staffing & Recruiting"
"1074",2655319,4,"CA",1063,33,"Non-profit Organization Management"
"1075",2661961,10,"KS",343,8,"Financial Services"
"1076",2664185,8,"FL",2474,29,"Wholesale"
"1077",2668792,35,"PA",12045,229,"Non-profit Organization Management"
"1078",2669261,1,"NY",796,6,"Law Practice"
"1079",2671586,12,"CA",19285,1791,"Consumer Services"
"1080",2673675,8,"UT",8146,1383,"Financial Services"
"1081",2681277,12,"CA",276479,3863,"Computer Software"
"1082",2682058,12,"MN",13296,582,"Government Administration"
"1083",2684081,60,"GA",344958,302,"Information Technology & Services"
"1084",2697764,1,"KY",3462,111,"Machinery"
"1085",2708254,2,"TX",2470,465,"Insurance"
"1086",2713586,2,"CA",86880,875,"Apparel & Fashion"
"1087",2716085,2,"AZ",153307,5254,"Computer Software"
"1088",2716125,12,"CA",3463,232,"Computer Software"
"1089",2724097,3,"WA",2183,25,"Staffing & Recruiting"
"1090",2737970,24,"SC",8768,1136,"Financial Services"
"1091",2739771,28,"CO",885,54,"Environmental Services"
"1092",2746223,65,"AZ",208987,97,"Staffing & Recruiting"
"1093",2747538,288,"VA",7581,443,"Information Technology & Services"
"1094",2749637,1,"CA",16615,873,"Consumer Goods"
"1095",2749736,24,"Il",7573,218,"Electrical & Electronic Manufacturing"
"1096",2756204,24,"IN",193053,853,"Hospital & Health Care"
"1097",2763211,12,"MN",6853,319,"Management Consulting"
"1098",2777233,8,"TX",4339,53,"Construction"
"1099",2780388,840,"TX",29459,1132,"Real Estate"
"1100",2785040,33,"MA",3859,76,"Investment Management"
"1101",2802262,2,"WA",10763,1034,"Utilities"
"1102",2803017,8,"AZ",896,39,"Retail"
"1103",2819944,4,"MS",2617,200,"Education Management"
"1104",2820867,4,"CA",1346,42,"Machinery"
"1105",2821604,6,"NY",42761,773,"Computer Software"
"1106",2824640,12,"CA",10904,9,"Staffing & Recruiting"
"1107",2831596,30,"PA",24562,508,"Hospital & Health Care"
"1108",2842489,6,"TX",38868,1375,"Management Consulting"
"1109",2843538,585,"CA",52041,55,"Biotechnology"
"1110",2849719,72,"GA",12821,476,"Hospital & Health Care"
"1111",2853559,12,"PA",632,10,"Architecture & Planning"
"1112",2853989,14,"FL",1964,42,"Law Practice"
"1113",2855441,20,"MI",6117,585,"Consumer Goods"
"1114",2871754,10,"TX",3939,115,"Oil & Energy"
"1115",2893575,2,"CA",770,9,"Information Technology & Services"
"1116",2908367,1344,"SD",164730,1750,"Staffing & Recruiting"
"1117",2908815,56,"MA",61908,1714,"Marketing & Advertising"
"1118",2910116,6,"TN",2161,323,"Electrical & Electronic Manufacturing"
"1119",2913934,8,"MS",1920,27,"Transportation/Trucking/Railroad"
"1120",2925665,2,"VA",3413,7,"Staffing & Recruiting"
"1121",2926262,24,"MD",163193,6967,"Music"
"1122",2928506,2,"CO",9443,1690,"Hospital & Health Care"
"1123",2930550,8,"TN",7010,84,"Music"
"1124",2934272,6,"WI",765,12,"Non-profit Organization Management"
"1125",2935380,2,"NJ",59743,83,"Information Technology & Services"
"1126",2937626,6,"CO",1918,36,"Medical Device"
"1127",2944478,36,"CA",17643,254,"Transportation/Trucking/Railroad"
"1128",2951796,2,"UT",3811,308,"Construction"
"1129",2952271,4,"WA",22373,792,"Computer Software"
"1130",2953670,2,"TX",28662,90,"Information Technology & Services"
"1131",2958789,2,"KS",4212,746,"Hospital & Health Care"
"1132",2980915,36,"CA",12722,1475,"Retail"
"1133",2983157,8,"MN",2244,239,"Consumer Services"
"1134",2989624,66,"NY",5771,85,"Public Relations & Communications"
"1135",2992048,8,"NJ",7386,163,"Security & Investigations"
"1136",3006946,1,"NY",2135,14,"Computer Software"
"1137",3008681,1,"TX",13231,701,"Financial Services"
"1138",3032528,8,"CA",3372,6,"Information Technology & Services"
"1139",3045437,12,"CA",100418,916,"Marketing & Advertising"
"1140",3064910,2,"NY",103,9,"Sporting Goods"
"1141",3079692,4,"TX",433,26,"Law Practice"
"1142",3094595,8,"CA",27248,20,"Information Technology & Services"
"1143",3109444,12,"FL",26075,811,"Consumer Goods"
"1144",3112877,36,"CO",29288,1536,"Information Technology & Services"
"1145",3124398,2,"CA",791,10,"Architecture & Planning"
"1146",3125763,60,"CA",7629,212,"Hospitality"
"1147",3133230,1,"UT",3916,12,"Human Resources"
"1148",3143455,9,"AZ",72867,6427,"Computer Software"
"1149",3163363,16,"UT",5556,150,"Real Estate"
"1150",3180238,11,"MI",22941,8069,"Hospital & Health Care"
"1151",3194825,40,"OK",1721,42,"Food & Beverages"
"1152",3198016,4,"CA",931,26,"Architecture & Planning"
"1153",3205573,50,"CA",890426,49933,"Computer Software"
"1154",3210501,12,"CA",25502,403,"Biotechnology"
"1155",3215718,24,"PA",463,41,"Insurance"
"1156",3215834,42,"GA",12971,23,"Information Technology & Services"
"1157",3220813,36,"FL",28533,4856,"Hospital & Health Care"
"1158",3223482,12,"FL",40703,4020,"Insurance"
"1159",3234221,16,"CA",1031,27,"Architecture & Planning"
"1160",3264857,7,"CA",436,13,"Law Practice"
"1161",3286848,4,"MO",12531,268,"Construction"
"1162",3299457,4,"AZ",5210,868,"Hospital & Health Care"
"1163",3308308,187,"CA",148967,997,"Aviation & Aerospace"
"1164",3340388,6,"CA",168,11,"Accounting"
"1165",3348019,9,"TN",3860,399,"Hospital & Health Care"
"1166",3477320,3,"FL",23217,60,"Staffing & Recruiting"
"1167",3495423,54,"MN",25320,5421,"Medical Device"
"1168",3502352,4,"CA",151535,1028,"Computer Software"
"1169",3505052,7,"MD",565,127,"Hospital & Health Care"
"1170",3518569,10,"CA",8466,458,"Higher Education"
"1171",3523887,14,"WA",47230,600,"Non-profit Organization Management"
"1172",3540705,54,"NY",107383,1404,"Marketing & Advertising"
"1173",3540711,12,"CA",776,50,"Printing"
"1174",3542182,5,"MO",284,22,"Law Practice"
"1175",3560604,8,"TX",4877,53,"Real Estate"
"1176",3573533,36,"GA",6463,1169,"Financial Services"
"1177",3577263,8,"TX",2037,32,"Research"
"1178",3579155,14,"CO",7242,475,"Utilities"
"1179",3591245,14,"CO",113,14,"Leisure, Travel & Tourism"
"1180",3591263,16,"TX",3229,43,"Financial Services"
"1181",3591568,10,"MA",53995,398,"Mechanical Or Industrial Engineering"
"1182",3596579,24,"CA",7459,289,"Computer Software"
"1183",3598625,12,"CA",10192,299,"Financial Services"
"1184",3602072,20,"TX",1276,27,"Oil & Energy"
"1185",3607492,12,"WA",13944,94,"Financial Services"
"1186",3607929,152,"NC",36999,450,"Information Technology & Services"
"1187",3609818,18,"FL",7780,95,"Medical Device"
"1188",3612137,224,"IL",6029,715,"Government Administration"
"1189",3616117,12,"CA",2734,158,"Financial Services"
"1190",3618762,10,"MO",3255,91,"Apparel & Fashion"
"1191",3619383,30,"CA",28140,631,"Computer Software"
"1192",3621765,6,"CA",1266,45,"Construction"
"1193",3628379,30,"IL",1232,58,"Retail"
"1194",3637229,2,"FL",12368,481,"Real Estate"
"1195",3641994,8,"WA",340,22,"Real Estate"
"1196",3647879,1,"CA",14123,147,"Computer Software"
"1197",3651935,96,"CA",61638,3113,"Mental Health Care"
"1198",3665203,8,"TN",498,11,"Glass, Ceramics & Concrete"
"1199",3683451,6,"MO",21795,531,"Transportation/Trucking/Railroad"
"1200",3711368,8,"CO",3545,715,"Hospital & Health Care"
"1201",3711385,30,"NM",3344,228,"Construction"
"1202",3711824,7,"CO",877,123,"Mental Health Care"
"1203",3713985,4,"AZ",684,19,"Information Technology & Services"
"1204",3715022,1,"TX",4472,22,"Information Technology & Services"
"1205",3719102,8,"WA",662,35,"Import & Export"
"1206",3732076,10,"CO",7507,591,"Information Technology & Services"
"1207",3732622,24,"OR",1263,58,"Construction"
"1208",3769582,6,"TX",267,15,"Civil Engineering"
"1209",3781808,2,"NV",980,93,"Law Practice"
"1210",3807582,8,"UT",400,68,"Accounting"
"1211",3812750,16,"CA",182327,12027,"Electrical & Electronic Manufacturing"
"1212",3816028,7,"WA",1653,193,"Transportation/Trucking/Railroad"
"1213",3873058,2,"RI",423,40,"Hospital & Health Care"
"1214",3887031,10,"CO",2963,197,"Real Estate"
"1215",3887035,32,"MS",10474,122,"Environmental Services"
"1216",3895037,10,"NY",9712,102,"Marketing & Advertising"
"1217",3954657,2,"CA",90354,1184,"Computer Software"
"1218",3996786,1,"TX",5612,278,"Information Technology & Services"
"1219",4004283,8,"TX",98,24,"Retail"
"1220",4005968,5,"RI",1389,133,"Hospital & Health Care"
"1221",4023956,16,"CA",2459,280,"Hospital & Health Care"
"1222",4030721,168,"GA",7201,747,"Transportation/Trucking/Railroad"
"1223",4099996,8,"CA",2198,66,"Education Management"
"1224",4324337,8,"CA",4233,268,"Food & Beverages"
"1225",4363181,2,"MN",52,10,"Non-profit Organization Management"
"1226",4545821,3,"NV",9815,664,"Retail"
"1227",4668865,6,"FL",1107,27,"Construction"
"1228",4808751,2,"UT",27012,671,"Real Estate"
"1229",4809166,1,"UT",518,12,"Transportation/Trucking/Railroad"
"1230",4810440,9,"TN",1006,8,"Marketing & Advertising"
"1231",4810482,4,"FL",5845,122,"Luxury Goods & Jewelry"
"1232",4818381,4,"TX",4970,24,"Computer Software"
"1233",4822178,325,"IL",8968,87,"Consumer Goods"
"1234",4837940,72,"TX",34339,197,"Information Technology & Services"
"1235",4872007,520,"NY",225282,150,"Staffing & Recruiting"
"1236",4983419,8,"NC",33365,2273,"Computer Software"
"1237",4985469,6,"DE",264,50,"Security & Investigations"
"1238",4991265,18,"MD",22110,493,"Utilities"
"1239",5000890,6,"NY",64339,88,"Staffing & Recruiting"
"1240",5013850,12,"CA",158755,523,"Retail"
"1241",5033370,4,"PA",166,15,"Non-profit Organization Management"
"1242",5034592,18,"CA",3503,726,"Hospital & Health Care"
"1243",5040587,16,"NH",317,89,"Banking"
"1244",5061336,2400,"OH",22654,331,"Building Materials"
"1245",5064123,56,"CT",33542,5405,"Hospital & Health Care"
"1246",5084329,4,"NY",35001,279,"Internet"
"1247",5094510,2,"NY",10789,405,"Non-profit Organization Management"
"1248",5103135,10,"NY",1463,36,"Wholesale"
"1249",5171302,10,"NC",1652,17,"Marketing & Advertising"
"1250",5215734,10,"PA",4885,44,"Management Consulting"
"1251",5236983,16,"PA",1436,29,"Non-profit Organization Management"
"1252",5243263,2,"MD",24747,1284,"Hospital & Health Care"
"1253",5260930,6,"FL",14298,123,"Staffing & Recruiting"
"1254",5266489,96,"TN",44086,1860,"Health, Wellness & Fitness"
"1255",5301959,8,"FL",33438,1344,"Hospitality"
"1256",5389219,12,"ME",931,32,"Non-profit Organization Management"
"1257",5508849,8,"CA",155,7,"Accounting"
"1258",6117985,2,"GA",6108,575,"Insurance"
"1259",6290331,12,"UT",71,19,"Staffing & Recruiting"
"1260",6381495,2,"CA",2542,425,"Hospitality"
"1261",6392689,4,"OH",5008,799,"Hospital & Health Care"
"1262",6396497,96,"CA",6249,134,"Staffing & Recruiting"
"1263",6424460,2,"CA",10771,379,"Computer Software"
"1264",6449564,48,"TX",10458,296,"Real Estate"
"1265",6450492,45,"CA",8708,211,"Transportation/Trucking/Railroad"
"1266",6453451,60,"TX",5589,2,"Architecture & Planning"
"1267",6457945,32,"CA",181,19,"Food & Beverages"
"1268",6458462,6,"FL",1492,11,"Renewables & Environment"
"1269",6503570,3,"VA",1158,35,"Non-profit Organization Management"
"1270",6577635,144,"CA",139669,4451,"Automotive"
"1271",6583007,24,"CA",540,25,"Environmental Services"
"1272",6587396,1,"CO",55877,318,"Renewables & Environment"
"1273",6591301,4,"NY",218,20,"Hospital & Health Care"
"1274",6592912,280,"TX",227058,85,"Staffing & Recruiting"
"1275",6627808,4,"CA",725,23,"Tobacco"
"1276",6639977,15,"CA",3228,24,"Renewables & Environment"
"1277",6643679,4,"CA",1632,103,"Staffing & Recruiting"
"1278",6648075,108,"NY",27205,17,"Staffing & Recruiting"
"1279",6654288,150,"CA",50052,669,"Information Technology & Services"
"1280",6675725,60,"OH",549,213,"Staffing & Recruiting"
"1281",6732937,4,"FL",361,38,"Hospital & Health Care"
"1282",6793658,72,"CA",17265,6,"Staffing & Recruiting"
"1283",6978821,2,"UT",380769,705,"Food & Beverages"
"1284",7083767,1,"NM",392,60,"Mental Health Care"
"1285",7139223,8,"MD",720,31,"Construction"
"1286",7152617,4,"FL",292,15,"Law Practice"
"1287",7291754,8,"MN",81,16,"Accounting"
"1288",7587729,4,"CA",21018,539,"Computer Software"
"1289",7590279,12,"NC",658,7,"Real Estate"
"1290",7595534,5,"NC",1950,85,"Chemicals"
"1291",7597308,4,"CA",144294,2627,"Automotive"
"1292",7602863,2,"CA",81572,1108,"Transportation/Trucking/Railroad"
"1293",7794161,4,"MA",35028,307,"Staffing & Recruiting"
"1294",7796921,10,"MT",323,14,"Architecture & Planning"
"1295",7942528,4,"CA",435,41,"Law Practice"
"1296",7946947,1,"CA",71,15,"Individual & Family Services"
"1297",7947803,18,"CA",50206,490,"Computer Software"
"1298",7956302,4,"CA",3995,69,"Information Technology & Services"
"1299",8167270,8,"NJ",631,38,"Electrical & Electronic Manufacturing"
"1300",8230919,9,"CA",13101,98,"Consumer Goods"
"1301",8479403,4,"VA",1328,238,"Hospital & Health Care"
"1302",9177279,8,"VA",4600,72,"Hospital & Health Care"
"1303",9185109,18,"MI",5533,9,"Staffing & Recruiting"
"1304",9185958,144,"CA",15928,172,"Entertainment"
"1305",9190490,12,"TN",1470,57,"Construction"
"1306",9201883,108,"PA",58593,152,"Insurance"
"1307",9225358,98,"TX",28992,5077,"Hospital & Health Care"
"1308",9238932,8,"KY",1277,72,"Wholesale"
"1309",9268609,18,"NC",1751,25,"Marketing & Advertising"
"1310",9302284,4,"CO",7058,143,"Transportation/Trucking/Railroad"
"1311",9316780,2,"CO",1160,45,"Hospitality"
"1312",9322302,8,"TX",1938,85,"Consumer Services"
"1313",9392485,6,"DE",81582,4206,"Chemicals"
"1314",9498845,16,"CO",6420,202,"Biotechnology"
"1315",9499963,1,"MD",38,4,"Accounting"
"1316",9671432,16,"WA",4549,270,"Financial Services"
"1317",9682879,3,"TN",171,9,"Medical Device"
"1318",9776895,9,"OH",48,6,"Museums & Institutions"
"1319",9817526,36,"NJ",9590,472,"Medical Device"
"1320",10003261,14,"VT",3985,98,"Wine & Spirits"
"1321",10005158,10,"OH",7850,623,"Automotive"
"1322",10035810,361,"GA",222400,26328,"Packaging & Containers"
"1323",10046361,8,"IN",131,12,"Staffing & Recruiting"
"1324",10055939,2,"FL",26234,411,"Hospital & Health Care"
"1325",10069048,8,"PA",850,21,"Hospital & Health Care"
"1326",10072541,8,"AL",852,71,"Consumer Goods"
"1327",10073356,2,"IL",5468,114,"Real Estate"
"1328",10076831,10,"CO",1571,16,"Environmental Services"
"1329",10093812,3,"PA",2946,215,"Hospital & Health Care"
"1330",10096293,2,"IA",56,11,"Information Technology & Services"
"1331",10126224,5,"AR",686,41,"Real Estate"
"1332",10140364,6,"CA",46713,36,"Information Technology & Services"
"1333",10154666,6,"MA",3978,610,"Hospital & Health Care"
"1334",10165687,2,"MO",8353,255,"Computer Software"
"1335",10169823,14,"GA",5200,75,"Computer Software"
"1336",10279563,14,"MA",1086,74,"Food & Beverages"
"1337",10299747,9,"MD",693,2,"Human Resources"
"1338",10329666,4,"NY",11675,93,"Management Consulting"
"1339",10331781,8,"VA",1039,96,"Hospital & Health Care"
"1340",10341654,30,"OH",12383,1256,"Packaging & Containers"
"1341",10346400,9,"CA",30606,20,"Staffing & Recruiting"
"1342",10366520,6,"GA",51464,3392,"Wholesale"
"1343",10378892,4,"WA",46436,13239,"Electrical & Electronic Manufacturing"
"1344",10399839,12,"CA",74243,1319,"Biotechnology"
"1345",10408914,8,"UT",20651,1169,"Retail"
"1346",10412396,2,"TX",10183,216,"Chemicals"
"1347",10420321,16284,"IL",286295,897,"Internet"
"1348",10525955,2,"WA",13575,239,"Retail"
"1349",10530485,1,"VA",718,20,"Civic & Social Organization"
"1350",10592585,64,"CA",111177,99,"Staffing & Recruiting"
"1351",10692137,6,"CA",4098,81,"Biotechnology"
"1352",10696913,1924,"CA",224205,70952,"Security & Investigations"
"1353",10794364,16,"NJ",427271,28506,"Information Technology & Services"
"1354",10799461,2,"VA",20587,1134,"Pharmaceuticals"
"1355",10801655,72,"MA",537174,23951,"Management Consulting"
"1356",10801746,1,"AZ",2821,265,"Individual & Family Services"
"1357",10855258,36,"OK",1403,90,"Banking"
"1358",10860178,12,"TX",12130,1028,"Information Technology & Services"
"1359",10877848,18,"SC",3738,698,"Hospital & Health Care"
"1360",10912583,24,"MA",682,15,"Law Practice"
"1361",10937173,12,"PA",819,42,"Facilities Services"
"1362",11001662,6,"FL",409,5,"Real Estate"
"1363",11013568,135,"VA",6348,697,"Information Technology & Services"
"1364",11021041,45,"VA",2795,154,"Mechanical Or Industrial Engineering"
"1365",11028871,8,"NY",2403,241,"Telecommunications"
"1366",11040795,4,"NJ",11609,109,"Management Consulting"
"1367",11068234,10,"PA",328,18,"Insurance"
"1368",11108120,18,"NC",4335,320,"Retail"
"1369",11112565,8,"FL",1377,85,"Food Production"
"1370",11127690,4,"VA",7343,1314,"Individual & Family Services"
"1371",11130470,2,"CA",1742202,2066,"Research"
"1372",11156585,72,"MD",4784,164,"Computer & Network Security"
"1373",11169077,32,"VA",46332,164,"Staffing & Recruiting"
"1374",11170816,3,"IL",17200,38,"Staffing & Recruiting"
"1375",11174522,18,"CA",267949,11169,"Computer Software"
"1376",11204351,8,"IL",9341,107,"Medical Device"
"1377",11208030,6,"NY",14613,17,"Information Technology & Services"
"1378",11243027,312,"MA",11143,283,"Insurance"
"1379",11266312,8,"MO",1357,119,"Wholesale"
"1380",11286858,16,"WA",9890,214,"Consumer Electronics"
"1381",11294318,18,"NY",2641,2,"Accounting"
"1382",11301702,6,"GA",1882,36,"Computer Software"
"1383",11357247,760,"NC",1527,62,"Staffing & Recruiting"
"1384",11368736,18,"VA",24794,90,"Staffing & Recruiting"
"1385",11400117,24,"PA",51485,47,"Staffing & Recruiting"
"1386",11420022,16,"IL",31098,1233,"Building Materials"
"1387",11537917,8,"NY",17818,39,"Staffing & Recruiting"
"1388",11553420,45,"NY",116391,1102,"Staffing & Recruiting"
"1389",11682694,4,"NY",32535,781,"Mental Health Care"
"1390",11742196,15,"WY",170,17,"Newspapers"
"1391",11768999,8,"AZ",209,27,"Construction"
"1392",11787613,4,"WI",64349,13252,"Hospital & Health Care"
"1393",11822654,5,"TX",251,26,"Law Practice"
"1394",11861673,4,"NJ",157,45,"Hospital & Health Care"
"1395",12605993,4,"IL",67253,2098,"Packaging & Containers"
"1396",12904366,3,"AZ",2106,18,"Staffing & Recruiting"
"1397",12984051,324,"UT",2765,263,"Mental Health Care"
"1398",12988732,3,"In",276,120,"Hospital & Health Care"
"1399",13051794,2,"MA",30,12,"Accounting"
"1400",13305769,14,"NJ",9285,27,"Human Resources"
"1401",13391879,15,"NJ",29796,96,"Information Technology & Services"
"1402",13643656,90,"MA",4795,49,"Higher Education"
"1403",15157241,4,"AZ",15360,456,"Restaurants"
"1404",15223010,16,"FL",3214,35,"Hospital & Health Care"
"1405",15230509,2,"NV",1566,76,"Computer Software"
"1406",15240711,16,"TX",207242,1592,"Staffing & Recruiting"
"1407",15241130,2,"ID",5075,497,"Consumer Goods"
"1408",15255865,2,"TX",5559,249,"Insurance"
"1409",15259054,432,"IL",30668,45,"Human Resources"
"1410",15318097,1,"NJ",169,10,"Medical Practice"
"1411",15550475,2,"VA",1582,465,"Hospital & Health Care"
"1412",15571126,4,"CA",85,20,"Individual & Family Services"
"1413",15596827,144,"IL",3862,197,"Consumer Goods"
"1414",15635010,8,"TX",444,46,"Construction"
"1415",15637586,18,"LA",743,359,"Hospital & Health Care"
"1416",15695797,16,"CA",1508,92,"Industrial Automation"
"1417",15701441,4,"NH",1597,342,"Hospital & Health Care"
"1418",15716973,54,"WI",495,48,"Law Enforcement"
"1419",15798900,6,"MD",50148,460,"Information Technology & Services"
"1420",15808025,7,"NY",365,25,"Legal Services"
"1421",15907041,4,"CA",62,19,"Veterinary"
"1422",16063763,6,"VA",2729,39,"Management Consulting"
"1423",16098582,27,"OR",1802,96,"Computer Software"
"1424",16163783,10,"IN",14682,1501,"Telecommunications"
"1425",16164685,36,"AZ",16904,43,"Information Technology & Services"
"1426",16167895,4,"OH",108377,70,"Information Technology & Services"
"1427",16183163,9,"TX",31310,27,"Staffing & Recruiting"
"1428",16198010,24,"VA",1963112,89916,"Information Technology & Services"
"1429",16200547,2,"NC",650,18,"Law Practice"
"1430",16200871,4,"OH",101,42,"Mental Health Care"
"1431",16251153,2,"FL",103,9,"Insurance"
"1432",16266367,4,"KY",294,7,"Mechanical Or Industrial Engineering"
"1433",17877112,21,"FL",8265,235,"Hospital & Health Care"
"1434",17900676,8,"TX",3404,103,"Construction"
"1435",17900699,3,"AZ",3363,10,"Apparel & Fashion"
"1436",17921425,5,"CA",19154,75,"Medical Device"
"1437",17925137,6,"CA",6260,64,"Health, Wellness & Fitness"
"1438",17926613,10,"UT",704,22,"Computer Software"
"1439",17943753,8,"CA",1721,49,"Marketing & Advertising"
"1440",17975937,4,"CA",22448,176,"Automotive"
"1441",17979297,2,"CA",15512,1032,"Financial Services"
"1442",17981957,2,"CA",16249,370,"Mental Health Care"
"1443",18024073,2,"OR",169,9,"Public Relations & Communications"
"1444",18065999,8,"CA",5650,214,"Biotechnology"
"1445",18097379,10,"CA",24466,837,"Staffing & Recruiting"
"1446",18115651,10,"CA",1372,37,"Management Consulting"
"1447",18120202,8,"CA",105,9,"Accounting"
"1448",18192301,4,"WA",113,20,"Hospital & Health Care"
"1449",18195925,3,"WA",448,10,"Hospital & Health Care"
"1450",18252282,14,"WA",932,33,"Telecommunications"
"1451",18270206,2,"WA",611,47,"Retail"
"1452",18280200,24,"CO",68800,3424,"Defense & Space"
"1453",18298504,6,"AZ",12062,1707,"Financial Services"
"1454",18312164,72,"CA",34698,184,"Computer Software"
"1455",18346404,8,"CA",838,25,"Staffing & Recruiting"
"1456",18379072,30,"CO",655,1,"Staffing & Recruiting"
"1457",18425303,31,"CT",265251,84186,"Telecommunications"
"1458",18496094,12,"CA",35307,58,"Entertainment"
"1459",18506580,8662,"CA",21756,352,"Internet"
"1460",18529557,2,"UT",372021,4411,"Food & Beverages"
"1461",18591530,9,"IL",896,31,"Individual & Family Services"
"1462",18596401,12,"CA",1299,42,"Real Estate"
"1463",18675698,9,"CA",173,3,"Design"
"1464",18701459,126,"OR",1286,4,"Staffing & Recruiting"
"1465",18715975,2,"CA",586,27,"Financial Services"
"1466",18741513,2,"CA",1756,48,"Telecommunications"
"1467",18754113,6,"AZ",14541,17,"Staffing & Recruiting"
"1468",18758749,16,"IL",47043,147,"Staffing & Recruiting"
"1469",18783638,8,"WA",1020,26,"Information Technology & Services"
"1470",18785975,24,"CA",6026,145,"Wholesale"
"1471",18801226,40,"IA",300,75,"Accounting"
"1472",18827874,8,"AR",22039,70,"Financial Services"
"1473",18860134,4230,"CA",1967081,2148,"Staffing & Recruiting"
"1474",18900226,8,"TX",79,2,"Consumer Services"
"1475",18907151,4,"OR",2469,6,"Staffing & Recruiting"
"1476",18941384,6,"CA",14972,127,"Consumer Goods"
"1477",18941872,12,"CA",1365,20,"Information Technology & Services"
"1478",18952993,16,"CA",2090,123,"Financial Services"
"1479",18953305,8,"WA",6682,259,"Construction"
"1480",18987662,48,"CA",5328,366,"Management Consulting"
"1481",19076380,4,"IL",27285,27,"Staffing & Recruiting"
"1482",19086748,24,"CA",4873,16,"Staffing & Recruiting"
"1483",19115010,24,"CA",15,2,"Financial Services"
"1484",19120162,4,"AZ",100,12,"Law Practice"
"1485",19136120,4,"AZ",6705,3,"Staffing & Recruiting"
"1486",19192589,108,"NH",15800,725,"Biotechnology"
"1487",19196263,3,"WA",118,14,"Hospital & Health Care"
"1488",19231638,18,"NV",10577,387,"Hospitality"
"1489",20508964,24,"NV",394,2,"Electrical & Electronic Manufacturing"
"1490",22286034,2,"TX",801,18,"Computer Software"
"1491",22288912,14,"CA",5366,24,"Staffing & Recruiting"
"1492",22292832,5,"IN",3192,205,"Construction"
"1493",22310425,2,"TX",159,6,"Accounting"
"1494",22330287,56,"NJ",40284,994,"Biotechnology"
"1495",22338085,126,"NJ",23846,1625,"Transportation/Trucking/Railroad"
"1496",22340991,12,"NY",220,22,"Financial Services"
"1497",23381991,1,"GA",41,5,"Law Practice"
"1498",23730120,2,"CA",17,3,"Automotive"
"1499",23740523,5,"UT",357,59,"Printing"
"1500",24429566,54,"IL",5362,53,"Architecture & Planning"
"1501",24791870,8,"IA",2687,34,"Internet"
"1502",25030757,8,"IN",258,34,"Hospital & Health Care"
"1503",25071399,6,"IN",248,14,"Construction"
"1504",25073964,6,"MD",247,38,"Restaurants"
"1505",25170579,18,"UT",10564,1700,"Environmental Services"
"1506",26562280,5,"HI",181,13,"Construction"
"1507",27002539,3,"FL",2456,107,"Hospitality"
"1508",27016907,10,"FL",182,8,"Construction"
"1509",27055364,8,"NJ",2662,162,"Banking"
"1510",27111495,8,"OK",493,48,"Legal Services"
"1511",27116821,16,"PA",5821,341,"Hospital & Health Care"
"1512",27119385,8,"CA",4482,7,"Staffing & Recruiting"
"1513",27138826,5,"TX",987,30,"Mental Health Care"
"1514",27152943,10,"TX",803,21,"Consumer Goods"
"1515",27176653,2,"IL",836,49,"Real Estate"
"1516",27185258,12,"NY",49167,2138,"Entertainment"
"1517",27207386,168,"NC",51221,21,"Staffing & Recruiting"
"1518",27218788,2,"MA",4897,40,"Computer Software"
"1519",27240013,90,"MA",6921,19,"Fundraising"
"1520",27241994,5,"CT",66,27,"Civic & Social Organization"
"1521",27253457,10,"WA",1237,32,"Biotechnology"
"1522",28132450,24,"AL",926,266,"Hospital & Health Care"
"1523",28147205,108,"NY",6810,114,"Computer Software"
"1524",28389122,45,"CA",3638,7,"Staffing & Recruiting"
"1525",28609431,4,"MA",777,15,"Food & Beverages"
"1526",28612425,6,"CO",297,14,"Architecture & Planning"
"1527",28612966,3,"OH",9806,1150,"Mining & Metals"
"1528",28613443,48,"GA",3214,70,"Hospital & Health Care"
"1529",28649423,8,"KY",1529,70,"Security & Investigations"
"1530",28665387,6,"AK",234,7,"Food Production"
"1531",28852880,10,"NY",152,11,"Real Estate"
"1532",28987629,10,"MO",510,2,"Staffing & Recruiting"
"1533",29016120,8,"CA",298,10,"Marketing & Advertising"
"1534",30679342,12,"VA",285,36,"Management Consulting"
"1535",33125878,18,"TX",35615,118,"Information Technology & Services"
"1536",33242739,88,"NY",3328143,27534,"Information Technology & Services"
"1537",33247784,16,"NY",104217,8106,"Insurance"
"1538",33260191,14,"TX",2902,21,"Real Estate"
"1539",33277328,24,"IL",13046,362,"Events Services"
"1540",33278075,12,"FL",10998,33,"Staffing & Recruiting"
"1541",33295877,24,"IL",226087,3997,"Pharmaceuticals"
"1542",33432301,8,"OH",412,28,"Textiles"
"1543",34218096,8,"OH",6597,419,"Financial Services"
"1544",34218836,11,"CA",1896,93,"Staffing & Recruiting"
"1545",35431930,1,"TX",4770,272,"Real Estate"
"1546",35446044,36,"TX",6397,1272,"Hospital & Health Care"
"1547",35466395,8,"VT",637,9,"Staffing & Recruiting"
"1548",35486246,2,"FL",16929,444,"Information Technology & Services"
"1549",35498950,16,"NY",4525,148,"Computer Software"
"1550",35531936,1,"CA",102,18,"Insurance"
"1551",35557246,24,"OK",8286,47,"Staffing & Recruiting"
"1552",35576936,504,"CA",1200,18,"Management Consulting"
"1553",35656541,10,"TN",318,25,"Construction"
"1554",35664005,12,"NJ",9150,8,"Staffing & Recruiting"
"1555",35666700,3,"MD",539,15,"Hospital & Health Care"
"1556",35674569,8,"FL",2393,46,"Hospital & Health Care"
"1557",35696106,6,"FL",1064,12,"Apparel & Fashion"
"1558",36122695,54,"TX",34425,947,"Oil & Energy"
"1559",36990695,2,"VA",2779,12,"Staffing & Recruiting"
"1560",37433574,4,"ME",188,30,"Construction"
"1561",37569306,4,"MO",11482,1857,"Construction"
"1562",37896348,2,"NY",5091,237,"Computer Software"
"1563",40739208,8,"TX",843,12,"Financial Services"
"1564",42289632,6,"WA",2968,5,"Management Consulting"
"1565",42723251,96,"CA",6932,547,"Government Administration"
"1566",42839253,8,"AZ",62,2,"Automotive"
"1567",42852066,3,"CA",5074,24,"Automotive"
"1568",43251468,12,"AR",1812,80,"Marketing & Advertising"
"1569",49648429,6,"SC",105,84,"Education Management"
"1570",51614199,6,"CA",1338,128,"Telecommunications"
"1571",52129901,18,"TX",5900,19,"Food & Beverages"
"1572",54110209,12,"MA",3756,39,"Renewables & Environment"
"1573",54317927,4,"FL",488,28,"Financial Services"
"1574",56199234,1,"WA",75,4,"Medical Practice"
"1575",64255553,8,"NY",2029,57,"Facilities Services"
"1576",64259963,16,"NC",120960,9799,"Mechanical Or Industrial Engineering"
"1577",64532924,8,"MN",240,10,"Law Practice"
"1578",64595377,27,"CT",279,19,"Hospital & Health Care"
"1579",64639449,100,"VA",53639,3318,"Building Materials"
"1580",64660033,10,"IL",1105,68,"Political Organization"
"1581",64746547,2,"FL",1547,244,"Hospital & Health Care"
"1582",64764351,4,"TN",434,18,"Staffing & Recruiting"
"1583",64995026,40,"GA",890,86,"Health, Wellness & Fitness"
"1584",65294553,136,"CT",45530,59,"Staffing & Recruiting"
"1585",65401684,6,"TX",21382,1098,"Hospital & Health Care"
"1586",65457024,16,"KY",14594,992,"Consumer Goods"
"1587",65487140,4,"TX",100,1,"Accounting"
"1588",65547501,12,"TX",2210,116,"Construction"
"1589",65589102,4,"CA",3742,19,"Apparel & Fashion"
"1590",65663774,1,"CA",166,4,"Environmental Services"
"1591",66727780,2,"CA",4712,58,"Computer Software"
"1592",67898464,26,"CO",43465,1529,"Hospital & Health Care"
"1593",68067020,12,"CA",279,6,"Information Technology & Services"
"1594",68278572,14,"TX",592,22,"Hospital & Health Care"
"1595",68617019,1,"WY",5146,131,"Information Technology & Services"
"1596",68785548,4,"FL",197,2,"Hospital & Health Care"
"1597",68796640,1,"IN",14850,162,"Information Technology & Services"
"1598",68894323,2,"NY",478,3,"Health, Wellness & Fitness"
"1599",68968231,2,"CA",2666,193,"Real Estate"
"1600",69502296,8,"MA",20560,485,"Renewables & Environment"
"1601",69630806,7,"AZ",429,5,"Information Technology & Services"
"1602",69903699,8,"CA",1012,53,"Environmental Services"
"1603",71228931,144,"PA",58765,5217,"Broadcast Media"
"1604",71346710,8,"CA",6648,126,"Accounting"
"1605",71575605,416,"TN",28630,2746,"Transportation/Trucking/Railroad"
"1606",71630337,4,"TX",5644,279,"Financial Services"
"1607",71721166,18,"CA",5545,20,"Staffing & Recruiting"
"1608",74571418,12,"CA",70630,452,"Apparel & Fashion"
"1609",74710480,12,"CA",28475,161,"Automotive"
"1610",74731877,30,"IL",433,11,"Civic & Social Organization"
"1611",76199326,3,"IL",40,2,"Mental Health Care"
"1612",76203745,8,"CA",3933,62,"Biotechnology"
"1613",76500049,165,"TX",23837,1714,"Non-profit Organization Management"
"1614",76777166,14,"TX",2107,1,"Information Technology & Services"
"1615",76849729,10,"SC",246,8,"Real Estate"
"1616",76948210,4,"CA",7083,24,"Accounting"
"1617",77129996,1,"TX",6,1,"Staffing & Recruiting"
"1618",77757558,27,"CA",613,13,"Law Practice"
"1619",77762369,24,"Wa",1109,3,"Staffing & Recruiting"
"1620",77766802,6,"CA",159,15,"Transportation/Trucking/Railroad"
"1621",78336991,10,"MD",3,5,"Insurance"
"1622",78378963,10,"PA",522,2,"Staffing & Recruiting"
"1623",78865146,3,"CA",123,7,"Law Practice"
"1624",79162939,60,"CA",925,42,"Computer Games"
"1625",79462541,18,"FL",2565,209,"Hospital & Health Care"
"1626",79668835,4,"GA",5269,135,"Airlines/Aviation"
"1627",79793496,8,"UT",758,6,"Marketing & Advertising"
"1628",79992118,12,"FL",30796,898,"Hospital & Health Care"
"1629",80041434,4,"NE",506,6,"Staffing & Recruiting"
"1630",80157050,2,"FL",838,77,"Hospital & Health Care"
"1631",80298786,10,"KY",291,14,"Hospital & Health Care"
"1632",80717274,4,"GA",117,13,"Retail"
"1633",80980042,12,"CA",3510,47,"Food Production"
"1634",81519453,14,"FL",512,29,"Computer Software"
"1635",81886402,588,"GA",30991,1690,"Hospital & Health Care"
"1636",81954233,104,"MI",498,34,"Packaging & Containers"
"1637",82811059,6,"NC",375,7,"Hospitality"
"1638",86694680,2394,"NJ",227854,1954,"Computer Software"
"1639",86813252,81,"MH",3348170,96901,"Information Technology & Services"
"1640",87374932,4,"CA",680,13,"Insurance"
"1641",88289095,25,"CA",201838,2353,"Human Resources"
"1642",89223461,32,"MA",1059,27,"Utilities"
"1643",89265075,2,"FL",1148,0,"Staffing & Recruiting"
"1644",89805638,3,"UT",5420,5,"Staffing & Recruiting"
"1645",89883684,6,"MN",651,4,"Staffing & Recruiting"
"1646",90198358,20,"TX",31067,576,"Hospital & Health Care"
"1647",90432851,6,"TX",221,4,"Construction"
"1648",90636422,36,"TX",2104,282,"Financial Services"
"1649",92537629,300,"WA",3278,18,"Financial Services"
"1650",93116251,8,"WI",923,3,"Staffing & Recruiting"
"1651",93201681,6,"CA",185,6,"Biotechnology"
"1652",95764072,21,"TN",23,0,"Staffing & Recruiting"
"1653",96355635,6,"TN",2,0,"Retail"
